Pregunta,respuesta,Tema,Pers/empresa,Polarity,Pregunta2,jplik,renlik,IESSlik,CONTlik,OSlik,CONSlik,JSlik,p_greet,n_token
Hola una pregunta en que perjudica el acta de finiquito por una liquidación,,Renuncia/Despido/Desahucio,persona,0,Hola una pregunta en que perjudica el acta de finiquito por una liquidación,-0.05714285714285716,2.857142857142857,-0.30000000000000004,-0.30000000000000004,-0.30000000000000004,-0.30000000000000004,-0.30000000000000004,0.07692307692307693,13
PARA CALCULAR EL DESAHUCIO SE DEBE TOMAR EN CUENTA EL VALOR POR HORAS EXTRAS Y LA ALIMENTACIÓN?,,Renuncia/Despido/Desahucio,persona,0,PARA CALCULAR EL DESAHUCIO SE DEBE TOMAR EN CUENTA EL VALOR POR HORAS EXTRAS Y LA ALIMENTACIÓN?,1.2820512820512822,1.439102564102564,0.17884615384615385,-0.30000000000000004,-0.30000000000000004,-0.30000000000000004,-0.30000000000000004,0.0,17
"supuestamente Correa emitió el decreto 225 dodne aquellos que tenian 12años a la fecha del mensionado decreto, perdian la jubilacion patronal 12 años 5meses de servicio perdía la jubilacion patronal",,Jubilacion Patronal,persona,0,"supuestamente Correa emitió el decreto 225 dodne aquellos que tenian 12años a la fecha del mensionado decreto, perdian la jubilacion patronal 12 años 5meses de servicio perdía la jubilacion patronal",4.085470085470085,-0.14615384615384616,-0.0948717948717949,0.044444444444444425,-0.5,-0.5,-0.2888888888888889,0.0,30
"TENGO 20 AÑOS DE APORTES  (15 EN LA MISMA EMPRESA) Y 56 AÑOS DE EDAD , QUE POSIBILIDAD TENGO DE ACOGERME A UNA JUBILACION. GRACIAS",,Jubilacion Patronal,persona,0,"TENGO 20 AÑOS DE APORTES (15 EN LA MISMA EMPRESA) Y 56 AÑOS DE EDAD , QUE POSIBILIDAD TENGO DE ACOGERME A UNA JUBILACION. GRACIAS",1.8673355629877368,0.06387959866220735,0.83835005574136,-0.1565217391304348,-0.30000000000000004,-0.30000000000000004,-0.30000000000000004,0.0,24
Buenos dias una consulta ingrese la jubilacion de mi papa pero en estado de la solicitud sigue en suspenso que significa,,Jubilacion Patronal,persona,0,Buenos dias una consulta ingrese la jubilacion de mi papa pero en estado de la solicitud sigue en suspenso que significa,0.8205128205128205,0.07692307692307693,0.10256410256410256,-0.1,-0.1,-0.1,-0.1,0.09523809523809523,21
"buenos dias, por favor me podria explicar que significa  etado suspenso una vez que solicite mi jubilación. gracias",,Jubilacion Patronal,persona,0,"buenos dias, por favor me podria explicar que significa etado suspenso una vez que solicite mi jubilación. gracias",0.8205128205128205,0.07692307692307693,0.10256410256410256,-0.1,-0.1,-0.1,-0.1,0.1111111111111111,18
"Una consulta soy una afiliada voluntaria viviendo en USA, cuando vivi en Ecuador aporte por mas de 20 anos, actualmente tengo 59 anos y 342 aportaciones, en diciembre del 2020 cumpliré las 360 imposiciones y en junio del 20 cumpliré 60 anos, estoy tratando de ver cuanto me tocara de jubilación y si puedo aportar mas para obtener una mejor jubilación, es algo que tu me podrías ayudar o indicarme como saco la raíz sesentava? por favor ayudame",,IESS,persona,0,"Una consulta soy una afiliada voluntaria viviendo en USA, cuando vivi en Ecuador aporte por mas de 20 anos, actualmente tengo 59 anos y 342 aportaciones, en diciembre del 2020 cumpliré las 360 imposiciones y en junio del 20 cumpliré 60 anos, estoy tratando de ver cuanto me tocara de jubilación y si puedo aportar mas para obtener una mejor jubilación, es algo que tu me podrías ayudar o indicarme como saco la raíz sesentava? por favor ayudame",2.164102564102564,-0.5461538461538462,5.948717948717949,-0.8999999999999999,-0.8999999999999999,-0.4666666666666667,-0.8999999999999999,0.0,78
"Buenas tardes, mi nombre es Luz López de GRUPOK S. A. y estoy interesada en asistir a la charla el día 18/06/2019, pero veo que ya no hay cupos? lastimosamente me demoré porque solicité la autorización de la Gerente que no me contestó pronto, no e si hay como me ayuden. Gracias.","Buenos días estimada Luz, enviaré su solicitud a su ejecutivo comercial: ventas1@actuaria.com.ec para ubicarla en lista de espera, gracias por escribirnos",Otros servicios (Charlas/Capacitaciones/Financiera),empresa,0,"Buenas tardes, mi nombre es Luz López de GRUPOK S. A. y estoy interesada en asistir a la charla el día 18/06/2019, pero veo que ya no hay cupos? lastimosamente me demoré porque solicité la autorización de la Gerente que no me contestó pronto, no e si hay como me ayuden. Gracias.",-0.30000000000000004,-0.30000000000000004,-0.30000000000000004,0.1333333333333333,2.3333333333333335,-0.30000000000000004,-0.30000000000000004,0.037037037037037035,54
"una consulta, quiero renunciar directo en el,misniterio, a que no mas tengo derechos tengo como 60 dias de vacaciones acumuladas",,Renuncia/Despido/Desahucio,persona,0,"una consulta, quiero renunciar directo en el,misniterio, a que no mas tengo derechos tengo como 60 dias de vacaciones acumuladas",0.2,0.8,-0.1,-0.1,-0.1,-0.1,-0.1,0.047619047619047616,21
"Buenos dìas, necesito servicios de provisiòn de jubilaciòn del personal","Buenos días, me ayuda con los siguientes datos por favor: ruc, nombre empresa, contacto, cargo, correo y teléfonos",Jubilacion Patronal,empresa,0,"Buenos dìas, necesito servicios de provisiòn de jubilaciòn del personal",2.3205128205128203,0.14358974358974358,-0.09743589743589745,-0.30000000000000004,-0.30000000000000004,-0.30000000000000004,0.1333333333333333,0.2,10
"Buenos dias, Necesito que me ayuden  como realizar mla proyeccion de jubilación del iess con el nuevo calculo una persona que tiene menos de 40 aportaciones",,IESS,persona,0,"Buenos dias, Necesito que me ayuden como realizar mla proyeccion de jubilación del iess con el nuevo calculo una persona que tiene menos de 40 aportaciones",1.6435897435897437,0.1076923076923077,1.9487179487179487,-0.4,-0.4,-0.4,-0.4,0.07692307692307693,26
Como calculo la pensión la raiz sesentava de 7600..ayudeme,"Buenas tardes https://actuaria.com.ec/modificacion-en-el-calculo-de-pensiones-del-iees/ en esa url encontrará un articulo, donde explica el cálculo",IESS,persona,0,Como calculo la pensión la raiz sesentava de 7600..ayudeme,1.1653846153846152,-0.06923076923076923,2.4038461538461537,-0.4,-0.4,-0.4,-0.4,0.0,10
"Buenas tardes, como calculo el valor que debo pagar de jubilacion patronal",,Jubilacion Patronal,persona,0,"Buenas tardes, como calculo el valor que debo pagar de jubilacion patronal",2.685897435897436,0.8326923076923077,0.2814102564102564,-0.4,-0.4,-0.4,-0.4,0.16666666666666666,12
"Buenos dias como esta, Q debo hacer para ganar una entrevista de trabajo","Buenos días 
por favor enviar su CV al siguiente correo: seleccion@actuaria.com.ec 
gracias por escribirnos",job seeker,persona,0,"Buenos dias como esta, Q debo hacer para ganar una entrevista de trabajo",0.5190476190476191,-0.004761904761904773,0.13809523809523808,-0.2,-0.2,-0.2,1.0476190476190477,0.15384615384615385,13
buenos dias un favor deseo saber en caso de despido el valor de  la  jubilacion patronal yo tengo 22 años en la  institucion y mencionan tengo parte proporcional de la patronal me puede ayudar,,Jubilacion Patronal,persona,0,buenos dias un favor deseo saber en caso de despido el valor de la jubilacion patronal yo tengo 22 años en la institucion y mencionan tengo parte proporcional de la patronal me puede ayudar,4.27051282051282,1.2019230769230766,-0.17243589743589746,-0.6,-0.6,-0.6,-0.6,0.058823529411764705,34
"Buenos Dias, favor necesito un estudio actuarial para nuestra empresa que se compone de 40 empleados aporx.","Buenas tardes 
con mucho gusto, me ayuda con los siguientes datos por favor: Ruc, nombre empresa, contacto, cargo, correo y teléfonos, gracias",Jubilacion Patronal,empresa,0,"Buenos Dias, favor necesito un estudio actuarial para nuestra empresa que se compone de 40 empleados aporx.",3.2805903189844283,0.4132385730211817,-0.2565217391304348,-0.2565217391304348,-0.4,-0.4,-0.4,0.11764705882352941,17
Tengo una consulta sobre jubilación patronal,,Jubilacion Patronal,persona,0,Tengo una consulta sobre jubilación patronal,1.8205128205128205,-0.023076923076923078,0.002564102564102555,-0.2,-0.2,-0.2,-0.2,0.0,6
Buenos días deseso saber como calcular la. Liquidación por. Motivo de despido intempestivo,,Renuncia/Despido/Desahucio,persona,0,Buenos días deseso saber como calcular la. Liquidación por. Motivo de despido intempestivo,0.8582417582417582,2.887912087912088,-0.14615384615384616,-0.4,-0.4,-0.4,-0.4,0.15384615384615385,13
Mi esposo se jubilo por invalidez total absoluta Que tipo de indemnización debe tener? O que fondos debería retirar,,IESS,persona,0,Mi esposo se jubilo por invalidez total absoluta Que tipo de indemnización debe tener? O que fondos debería retirar,0.5153846153846154,-0.2,1.3846153846153846,-0.2,-0.2,-0.2,-0.2,0.0,19
"Hola Daniela, buenos días. Te escribo desde México, mira, estoy llevando a cabo una investigación sobre que requisitos necesita un actuario para registrar un producto de seguros. No sé si podrías ayudarme a guiarme un poco 
",,Consultoria,persona,0,"Hola Daniela, buenos días. Te escribo desde México, mira, estoy llevando a cabo una investigación sobre que requisitos necesita un actuario para registrar un producto de seguros. No sé si podrías ayudarme a guiarme un poco",0.5,0.15,0.375,0.024999999999999994,0.024999999999999994,0.375,-0.2,0.08333333333333333,36
"Buenas tardes Si es de un fallecido, pueden cobrar los hijos la jubilacion patronal?",,Jubilacion Patronal,persona,0,"Buenas tardes Si es de un fallecido, pueden cobrar los hijos la jubilacion patronal?",1.8205128205128205,-0.023076923076923078,0.002564102564102555,-0.2,-0.2,-0.2,-0.2,0.14285714285714285,14
"Muy buenas tardes, con el máximo respeto me dirijo para que me ayude con una consulta. Soy Rector de una institución educativa particular actualmente por tengo el contrato por servicios profesionales, ya que me descontaban el 40%. (Por ser militar jubilado). Deseo saber si efectivamente quedó sin efecto ese descuento para solicitar el contrato en Relación de dependencia. edisonmorenoperez24@hotmail.com",,Jubilacion Patronal,persona,0,"Muy buenas tardes, con el máximo respeto me dirijo para que me ayude con una consulta. Soy Rector de una institución educativa particular actualmente por tengo el contrato por servicios profesionales, ya que me descontaban el 40%. (Por ser militar jubilado). Deseo saber si efectivamente quedó sin efecto ese descuento para solicitar el contrato en Relación de dependencia. edisonmorenoperez24@hotmail.com",1.3653846153846154,0.15,0.2846153846153846,-0.2,-0.2,-0.2,-0.2,0.03278688524590164,61
"Buenos días... Estimada Daniela le saludos de la Fundación Cuesta Holguin, hace un mes nos ayudaron con el estudio Actuarial de nuestra Fundación..","el nombre de su consultor es Paola Toaquiza, su extensión 520 y correo: paola.toaquiza@actuaria.com.ec",Jubilacion Patronal,empresa,0,"Buenos días... Estimada Daniela le saludos de la Fundación Cuesta Holguin, hace un mes nos ayudaron con el estudio Actuarial de nuestra Fundación..",1.9164598842018197,-0.048717948717948725,-0.2,-0.2,-0.2,-0.2,-0.2,0.08695652173913043,23
"buenas tardes. una consulta por favor, si una persona ha trabajado en empresa privada 13 años y después 20 años en una dependencia publica con la modalidad régimen laboral, tiene derecho a la jubilación patronal",,Jubilacion Patronal,persona,0,"buenas tardes. una consulta por favor, si una persona ha trabajado en empresa privada 13 años y después 20 años en una dependencia publica con la modalidad régimen laboral, tiene derecho a la jubilación patronal",3.428690874343048,0.05911769390030258,0.18413760152890588,-0.35652173913043483,0.09999999999999998,-0.5,-0.0023809523809524002,0.05714285714285714,35
"Buenas tardes Tengo una pregunta Si renunció a mi trabajo donde estuve 22 años 4 meses, en la misma empresa Pierdo la proporcional de la jubilación patronal",,Jubilacion Patronal,persona,0,"Buenas tardes Tengo una pregunta Si renunció a mi trabajo donde estuve 22 años 4 meses, en la misma empresa Pierdo la proporcional de la jubilación patronal",4.378690874343048,0.8591176939003028,0.08413760152890584,-0.4565217391304348,-0.6,-0.6,-0.45238095238095233,0.07407407407407407,27
Me encuentro cesante desde hace dos meses como educador preguntó si tengo el derecho a la pensión patronal vitalicia como docente que fui X 31 años consecutivos el Ministerio de educación,,Jubilacion Patronal,persona,0,Me encuentro cesante desde hace dos meses como educador preguntó si tengo el derecho a la pensión patronal vitalicia como docente que fui X 31 años consecutivos el Ministerio de educación,1.75,-0.2,0.15,-0.2,-0.2,-0.2,-0.2,0.0,31
Buenos dìas necesito servicios de provisiòn de jubilaciòn del personal,"Buenos días 
me ayuda con los siguientes datos por favor: ruc, nombre empresa, contacto, cargo, correo y teléfonos ",Jubilacion Patronal,empresa,0,Buenos dìas necesito servicios de provisiòn de jubilaciòn del personal,2.3205128205128203,0.14358974358974358,-0.09743589743589745,-0.30000000000000004,-0.30000000000000004,-0.30000000000000004,0.1333333333333333,0.2,10
"Buenas tardes soy Miriam, trabajo ya 30 años en una misma empresa, quiero saber  yo puedo jubilarme cuando ya cumpla 60 años a pesar que yo ya deje de trabajar en el 2019",,Jubilacion Patronal,persona,0,"Buenas tardes soy Miriam, trabajo ya 30 años en una misma empresa, quiero saber yo puedo jubilarme cuando ya cumpla 60 años a pesar que yo ya deje de trabajar en el 2019",2.5926102882624624,0.1774327122153209,0.904284121675426,-0.2565217391304348,-0.4,-0.4,-0.10476190476190478,0.06060606060606061,33
"necesito realizar una consulta sobre los porcentajes rrc  a aplicar en este periodo, los q rigen a partir del abril 2019","Buenos días 
me ayuda con los siguientes datos por favor: ruc, nombre empresa, contacto, cargo, correo y teléfonos ",Consultoria,empresa,0,"necesito realizar una consulta sobre los porcentajes rrc a aplicar en este periodo, los q rigen a partir del abril 2019",-0.1,-0.1,-0.1,-0.1,-0.1,1.0,-0.1,0.0,21
usted me uede ayudar con una pregunta de liquidacion,,Renuncia/Despido/Desahucio,persona,0,usted me uede ayudar con una pregunta de liquidacion,0.14285714285714285,0.8571428571428571,-0.1,-0.1,-0.1,-0.1,-0.1,0.0,9
buenos dias cual seria el costo del estudio para una empresa y persona  obligada llevar contablidad,"Buenos días 
me ayuda con los siguientes datos por favor: ruc, nombre empresa, contacto, cargo, correo y teléfonos ",Jubilacion Patronal,empresa,0,buenos dias cual seria el costo del estudio para una empresa y persona obligada llevar contablidad,1.7068723702664796,-0.013043478260869573,-0.05652173913043479,-0.05652173913043479,-0.2,-0.2,-0.2,0.125,16
Buenos días nuestros patrones quieren cerrar la empresa pero nos dicen q pongamos la renuncia conde el valor del despido intempestiva enque nos perjudica o xq hacen eso,,Renuncia/Despido/Desahucio,persona,0,Buenos días nuestros patrones quieren cerrar la empresa pero nos dicen q pongamos la renuncia conde el valor del despido intempestiva enque nos perjudica o xq hacen eso,1.2891304347826085,3.3119565217391305,-0.1315217391304348,-0.35652173913043483,-0.5,-0.5,-0.5,0.07142857142857142,28
"Le saludo de la firma de auditoria Mackliff Audit Corporation, Queria un estudio actuarial ","Buenos días 
me ayuda con los siguientes datos por favor: ruc, nombre empresa, contacto, cargo, correo y teléfonos ",Jubilacion Patronal,empresa,0,"Le saludo de la firma de auditoria Mackliff Audit Corporation, Queria un estudio actuarial",1.9164598842018197,-0.048717948717948725,-0.2,-0.2,-0.2,-0.2,-0.2,0.0,14
"hola, tengo una duda me jubile en el mes de diciembre de 2018, con 57 años de edad y 400 aportaciones, y tengo el 45% de discapacidad, pero el coeficiente de calculo me lo aplican por 300 aportaciones no por las 400 que tengo, ayudeme que procedimiento debería seguir para que me paguen lo justo",,IESS,persona,0,"hola, tengo una duda me jubile en el mes de diciembre de 2018, con 57 años de edad y 400 aportaciones, y tengo el 45% de discapacidad, pero el coeficiente de calculo me lo aplican por 300 aportaciones no por las 400 que tengo, ayudeme que procedimiento debería seguir para que me paguen lo justo",1.8461538461538463,-0.06923076923076923,1.9230769230769231,-0.4,-0.4,-0.4,-0.4,0.01818181818181818,55
Buenas días q significa seguro de desahucio,,Renuncia/Despido/Desahucio,persona,0,Buenas días q significa seguro de desahucio,0.6666666666666667,0.8333333333333334,0.15,-0.2,-0.2,0.15,-0.2,0.2857142857142857,7
"buenas tardes  soy empleado de la espoch  ayudante de audiovisuales, con  49 años de servicio ininterrumpido tengo 58 años de edad  consto actualmente en el régimen de la LOSEP  no me pasaron al código de trabajo es beneficios para mi jubilación estar  en la LOSEP, con cuanto me liquidarian  tanto en el IES como en la ESPOCH? perdón 40 años de servicio, 59 años de edad.",,Jubilacion Patronal,persona,0,"buenas tardes soy empleado de la espoch ayudante de audiovisuales, con 49 años de servicio ininterrumpido tengo 58 años de edad consto actualmente en el régimen de la LOSEP no me pasaron al código de trabajo es beneficios para mi jubilación estar en la LOSEP, con cuanto me liquidarian tanto en el IES como en la ESPOCH? perdón 40 años de servicio, 59 años de edad.",2.0645604395604398,0.5471611721611722,0.24065934065934064,-0.30000000000000004,-0.30000000000000004,-0.30000000000000004,-0.1523809523809524,0.030303030303030304,66
"BUENAS TARDES, NECESITO QUE ME AYUDEN CON UN ESTUDIO ACTUARIAL PARA UNA EMPRESA QUE AL MOMENTO CUENTA CON 8 EMPLEADOS , ME PUEDEN INDICAR QUE SE NECESITA, UNA COTIZACIÓN, Y UN TIEMPO ESTIMADO DE ENTREGA. MUCHAS GRACIAS","Buenos días 
me ayuda con los siguientes datos por favor: ruc, nombre empresa, contacto, cargo, correo y teléfonos ",Jubilacion Patronal,empresa,0,"BUENAS TARDES, NECESITO QUE ME AYUDEN CON UN ESTUDIO ACTUARIAL PARA UNA EMPRESA QUE AL MOMENTO CUENTA CON 8 EMPLEADOS , ME PUEDEN INDICAR QUE SE NECESITA, UNA COTIZACIÓN, Y UN TIEMPO ESTIMADO DE ENTREGA. MUCHAS GRACIAS",3.947256985651095,0.7465719063545151,-0.35652173913043483,-0.35652173913043483,-0.5,-0.5,-0.5,0.05555555555555555,36
"Hola, una persona que laboro como servicio domestico como 30 años esta obligado a recibir la jubilacion patronal.  Muchas gracias",,Jubilacion Patronal,persona,0,"Hola, una persona que laboro como servicio domestico como 30 años esta obligado a recibir la jubilacion patronal. Muchas gracias",1.8205128205128205,-0.023076923076923078,0.002564102564102555,-0.2,-0.2,-0.2,-0.2,0.05,20
Hola Buenas tardes somos un grupo de jubilados que trabajamos en el iess. No nos están pagando lo que se debería  estamos peleando 4 años y nadie responde. Siempre hay algún pretexto para no pagarnos. Éramos del código de trabajo hay leyes y documentos q respaldan aquello pero no nos hacen caso,,IESS,persona,0,Hola Buenas tardes somos un grupo de jubilados que trabajamos en el iess. No nos están pagando lo que se debería estamos peleando 4 años y nadie responde. Siempre hay algún pretexto para no pagarnos. Éramos del código de trabajo hay leyes y documentos q respaldan aquello pero no nos hacen caso,2.0034798534798535,-0.10952380952380955,2.110805860805861,-0.15000000000000005,-0.5,-0.5,0.14523809523809522,0.057692307692307696,52
"Estimados, Quiero saber mas sobre el servicio de valoracion actuarial, y sus costos",,Jubilacion Patronal,empresa,0,"Estimados, Quiero saber mas sobre el servicio de valoracion actuarial, y sus costos",0.9487179487179487,0.05128205128205128,-0.1,-0.1,-0.1,-0.1,-0.1,0.0,13
Quisiera una cotización de un estudio actuarial,,Jubilacion Patronal,empresa,0,Quisiera una cotización de un estudio actuarial,1.9164598842018197,-0.048717948717948725,-0.2,-0.2,-0.2,-0.2,-0.2,0.0,7
Buenos días,,Greeting,,0,Buenos días,-1.0,-1.0,-1.0,-1.0,-1.0,-1.0,-1.0,1.0,2
buenos dia,,Greeting,,0,buenos dia,-1.0,-1.0,-1.0,-1.0,-1.0,-1.0,-1.0,0.5,2
X favor tengo 62 años de edad y 8 años de aportación cuantas aportaciones me faltaría para jubilarme  gracias,,IESS,persona,0,X favor tengo 62 años de edad y 8 años de aportación cuantas aportaciones me faltaría para jubilarme gracias,0.8230769230769232,-0.30000000000000004,2.076923076923077,-0.30000000000000004,-0.30000000000000004,-0.30000000000000004,-0.30000000000000004,0.0,19
Buen dia......como y cuando debería ponerle asunto al tema de la jubilaciòn patronal....desde cuantos años uno puede gozar de ese derecho?,,Jubilacion Patronal,persona,0,Buen dia......como y cuando debería ponerle asunto al tema de la jubilaciòn patronal....desde cuantos años uno puede gozar de ese derecho?,1.8205128205128205,-0.023076923076923078,0.002564102564102555,-0.2,-0.2,-0.2,-0.2,0.043478260869565216,23
Tengo 62 año y 352 imposiciones me podria cojer a la juvilacion en octubre q cunplo lad 360 imposicipnes,,IESS,persona,0,Tengo 62 año y 352 imposiciones me podria cojer a la juvilacion en octubre q cunplo lad 360 imposicipnes,-0.2,-0.2,1.6666666666666665,-0.2,-0.2,0.2333333333333333,-0.2,0.0,19
"Buenas tardes, a partir de cuantos empleados se debe de realizar el estudio actuarial?",,Jubilacion Patronal,persona,0,"Buenas tardes, a partir de cuantos empleados se debe de realizar el estudio actuarial?",2.54145988420182,0.3262820512820513,-0.30000000000000004,-0.30000000000000004,-0.30000000000000004,-0.30000000000000004,-0.30000000000000004,0.14285714285714285,14
BUENOS DIAS ,,Greeting,,0,BUENOS DIAS,-1.0,-1.0,-1.0,-1.0,-1.0,-1.0,-1.0,1.0,2
 Buenos días. Mi nombre es Oscar Castro. Ayer llamé a su empresa solictando hablar con el Sr. Rodrigo Ibarra. Me señalaron que intentara hoy en la mañana. Es posible contactarle telefónicamete?,,Contacto,,0,Buenos días. Mi nombre es Oscar Castro. Ayer llamé a su empresa solictando hablar con el Sr. Rodrigo Ibarra. Me señalaron que intentara hoy en la mañana. Es posible contactarle telefónicamete?,0.5391304347826087,-0.11304347826086958,-0.1565217391304348,1.5434782608695652,-0.30000000000000004,-0.30000000000000004,-0.30000000000000004,0.06451612903225806,31
"Le saluda Claudia Camino de ZHM Seguros, nosotros ya trabajamos un estudio actuarial con uds actualmente requiero cotizar un estudio de jubilación patronal de una colaboradora que requiere jubilarse",,Jubilacion Patronal,empresa,0,"Le saluda Claudia Camino de ZHM Seguros, nosotros ya trabajamos un estudio actuarial con uds actualmente requiero cotizar un estudio de jubilación patronal de una colaboradora que requiere jubilarse",6.189146874630746,0.07344322344322346,0.5752747252747252,-0.7999999999999999,-0.7999999999999999,-0.44999999999999996,-0.6523809523809523,0.0,29
"Buen dia, disculpe quisiera saber cual es el costo del calculo actuarial",,Jubilacion Patronal,empresa,0,"Buen dia, disculpe quisiera saber cual es el costo del calculo actuarial",1.564102564102564,0.28205128205128205,0.05384615384615385,-0.2,-0.2,-0.2,-0.2,0.08333333333333333,12
"Buenas tardes,somos de Servicios Petroleros Galeth, solicitamos la base legal  que respalde que las empresas deben presentar estudios actuariales, gracias.",,Jubilacion Patronal,empresa,0,"Buenas tardes,somos de Servicios Petroleros Galeth, solicitamos la base legal que respalde que las empresas deben presentar estudios actuariales, gracias.",2.6555903189844283,0.03823857302118171,-0.1565217391304348,-0.1565217391304348,-0.30000000000000004,-0.30000000000000004,-0.30000000000000004,0.09523809523809523,21
"Por favor, a qué telefono le llamo para solicitar cotizacion del estudio actuarial?",,Jubilacion Patronal,empresa,0,"Por favor, a qué telefono le llamo para solicitar cotizacion del estudio actuarial?",1.9164598842018197,-0.048717948717948725,-0.2,-0.2,-0.2,-0.2,-0.2,0.0,13
ESTIMADOS UN INFORME ACTUARIAL CADA CUANTOS AÑOS SE LO REALIZA,,Jubilacion Patronal,empresa,0,ESTIMADOS UN INFORME ACTUARIAL CADA CUANTOS AÑOS SE LO REALIZA,0.9487179487179487,0.05128205128205128,-0.1,-0.1,-0.1,-0.1,-0.1,0.0,10
necesito cotización para un estudio actuarial.   Que información necesita para enviarme una proforma.,,Jubilacion Patronal,empresa,0,necesito cotización para un estudio actuarial. Que información necesita para enviarme una proforma.,2.454921422663358,-0.14871794871794874,-0.30000000000000004,-0.046153846153846156,-0.30000000000000004,-0.30000000000000004,0.1076923076923077,0.0,13
buenas tardes. por favor me podria informar cuanto se recibe de jubilacion por invalidez cumpliendo las 60 aportaciones. gracias,,IESS,persona,0,buenas tardes. por favor me podria informar cuanto se recibe de jubilacion por invalidez cumpliendo las 60 aportaciones. gracias,1.028205128205128,-0.12307692307692308,1.794871794871795,-0.30000000000000004,-0.30000000000000004,-0.30000000000000004,-0.30000000000000004,0.10526315789473684,19
buenas tardes tal vez me podría indicar quiene tienen derecho a solicitar la reliquidación del montepío?,,IESS,persona,0,buenas tardes tal vez me podría indicar quiene tienen derecho a solicitar la reliquidación del montepío?,-0.1,-0.1,1.0,-0.1,-0.1,-0.1,-0.1,0.125,16
"Buena día, Ustedes son broker?",,Otras Consultas,,0,"Buena día, Ustedes son broker?",-1.0,-1.0,-1.0,-1.0,-1.0,-1.0,-1.0,0.2,5
Buenos dias por favor el día de ayer solicite me ayuden con una cotizacion del servicio del calculo actuarial envie los datos que me solicitaron y hasta el momento no tengo respuesta,,Jubilacion Patronal,empresa,0,Buenos dias por favor el día de ayer solicite me ayuden con una cotizacion del servicio del calculo actuarial envie los datos que me solicitaron y hasta el momento no tengo respuesta,2.1025641025641026,0.18205128205128204,-0.046153846153846156,-0.046153846153846156,-0.30000000000000004,-0.30000000000000004,0.1076923076923077,0.0625,32
Estimados buenos dias somos clientes de Actuaria(Magnolia RUC 0992876905001 y nos están consultando uds qué tasa aplicar para el estudio actuarial ya que somo NIIF Full Por favor ayúdeme indicando el numero de resolucion de la SUPERCIAS que aclaró este tema para proceder a responderle,,Jubilacion Patronal,empresa,0,Estimados buenos dias somos clientes de Actuaria(Magnolia RUC 0992876905001 y nos están consultando uds qué tasa aplicar para el estudio actuarial ya que somo NIIF Full Por favor ayúdeme indicando el numero de resolucion de la SUPERCIAS que aclaró este tema para proceder a responderle,3.41645988420182,-0.3487179487179488,0.07500000000000001,0.07500000000000001,-0.275,-0.275,-0.15000000000000002,0.043478260869565216,46
hola buenastardes,,Greeting,,0,hola buenastardes,-1.0,-1.0,-1.0,-1.0,-1.0,-1.0,-1.0,0.5,2
Como hago para querer cotizar ante el iess? Mi cédula es.de.condición extranjera,,IESS,persona,0,Como hago para querer cotizar ante el iess? Mi cédula es.de.condición extranjera,-0.1,-0.1,1.0,-0.1,-0.1,-0.1,-0.1,0.0,14
le saluda Miguel Zamora le acabe de enviar con correo a la Ventas3 favor para que lea mi correo y me conteste gracias,,Contacto,,0,le saluda Miguel Zamora le acabe de enviar con correo a la Ventas3 favor para que lea mi correo y me conteste gracias,1.327350427350427,-0.4,-0.4,1.3760683760683758,0.03333333333333327,-0.4,0.42991452991452994,0.0,23
hola,,Greeting,,0,hola,-1.0,-1.0,-1.0,-1.0,-1.0,-1.0,-1.0,1.0,1
Disculpa buenas tardes cuanto me cuentas el calculo de una jubilacion patronal por servicio domestico por 24 años de servicio,,Jubilacion Patronal,persona,0,Disculpa buenas tardes cuanto me cuentas el calculo de una jubilacion patronal por servicio domestico por 24 años de servicio,2.435897435897436,0.2076923076923077,0.15641025641025638,-0.30000000000000004,-0.30000000000000004,-0.30000000000000004,-0.30000000000000004,0.1,20
HOLA CUAL SERIA EL VALOR A CANCELARME POR EL TIEMPO DE SERVICIO TRABAJE CINCO AÑOS EL ULTIMO SALARIO ERA DE 375,,Renuncia/Despido/Desahucio,persona,0,HOLA CUAL SERIA EL VALOR A CANCELARME POR EL TIEMPO DE SERVICIO TRABAJE CINCO AÑOS EL ULTIMO SALARIO ERA DE 375,1.5357142857142856,1.0535714285714284,0.26309523809523805,-0.30000000000000004,-0.30000000000000004,-0.30000000000000004,-0.1523809523809524,0.047619047619047616,21
"Buenas noches necesito que por favor me ayuden con una cotizacion para el calculo actuarial del 2018 para la empresa Exoticgardens S.A. el ruc es 1792481082001, el correo es evggallardo@gmail.com Mi nombre es Lucy Araque  Muchas gracias",,Jubilacion Patronal,empresa,0,"Buenas noches necesito que por favor me ayuden con una cotizacion para el calculo actuarial del 2018 para la empresa Exoticgardens S.A. el ruc es 1792481082001, el correo es evggallardo@gmail.com Mi nombre es Lucy Araque Muchas gracias",2.747677443329617,0.26900780379041245,-0.0026755852842809402,0.28792270531400965,-0.4,-0.4,-0.18888888888888894,0.05,40
BUENOS DIAS una pregunta sobre la jubilación patronal no estoy muy clara ejemplo  despues de haber cumplido 20 y un mes tiene derecho a un proporcional de la jubilacion patronal??,,Jubilacion Patronal,persona,0,BUENOS DIAS una pregunta sobre la jubilación patronal no estoy muy clara ejemplo despues de haber cumplido 20 y un mes tiene derecho a un proporcional de la jubilacion patronal??,4.6410256410256405,-0.14615384615384616,-0.0948717948717949,-0.5,-0.5,-0.5,-0.5,0.06666666666666667,30
"Buenas tardes mi estimada Daniela, quisiera saber si una pyme esta obligada a calcular la provision de jubilacion patronal y desahucio",,Jubilacion Patronal,empresa,0,"Buenas tardes mi estimada Daniela, quisiera saber si una pyme esta obligada a calcular la provision de jubilacion patronal y desahucio",3.6858974358974357,0.9576923076923077,-0.0435897435897436,-0.5,-0.5,-0.5,-0.5,0.09523809523809523,21
BUENOS DIAS POR FAVOR ME PUEDEN AYUDAR CON UN CORREO ELECTRÓNICO PARA ENVIARLES UNA RETENCION,,Contacto,empresa,0,BUENOS DIAS POR FAVOR ME PUEDEN AYUDAR CON UN CORREO ELECTRÓNICO PARA ENVIARLES UNA RETENCION,0.7829059829059829,-0.4,-0.4,2.264957264957265,-0.4,-0.4,0.6521367521367522,0.13333333333333333,15
mi pregunta  a 27 años de trabajo cuanto en una empresa agricola  y que  se cambio de razon social  por tres acaciones a cuanto  es el porcentaje  que se  debe hacer el calculo,,Jubilacion Patronal,empresa,0,mi pregunta a 27 años de trabajo cuanto en una empresa agricola y que se cambio de razon social por tres acaciones a cuanto es el porcentaje que se debe hacer el calculo,1.9735626692148431,0.41296384774645645,0.4354196528109572,-0.1565217391304348,-0.30000000000000004,-0.30000000000000004,-0.1523809523809524,0.0,33
Buen dia como se liquida la jubilacion patronal por despido intenpestivo tengo 21 años,,Jubilacion Patronal,persona,0,Buen dia como se liquida la jubilacion patronal por despido intenpestivo tengo 21 años,2.0205128205128204,0.7769230769230769,-0.09743589743589745,-0.30000000000000004,-0.30000000000000004,-0.30000000000000004,-0.30000000000000004,0.07142857142857142,14
"Por favor es tan amable, necesito saber si me pueden ayuda con una cotizacion para la realizacion de un estudio actuarial del 2017 y del 2018",,Jubilacion Patronal,empresa,0,"Por favor es tan amable, necesito saber si me pueden ayuda con una cotizacion para la realizacion de un estudio actuarial del 2017 y del 2018",1.9164598842018197,-0.048717948717948725,-0.2,-0.2,-0.2,-0.2,-0.2,0.0,26
Buenas tardes Me gustaría saber si ustedes podrían ofrecer un servicio de capacitación respecto a la jubilación patronal para los miembros del staff de la Delegación de la Unión Europea,,Jubilacion Patronal,empresa,0,Buenas tardes Me gustaría saber si ustedes podrían ofrecer un servicio de capacitación respecto a la jubilación patronal para los miembros del staff de la Delegación de la Unión Europea,1.8205128205128205,-0.023076923076923078,0.002564102564102555,-0.2,-0.2,-0.2,-0.2,0.06666666666666667,30
Hola una consulta para que fecha tienen capacitaciones,,Otros servicios (Charlas/Capacitaciones/Financiera),empresa,0,Hola una consulta para que fecha tienen capacitaciones,-0.1,-0.1,-0.1,-0.1,1.0,-0.1,-0.1,0.125,8
"Somos de la compañía TRANSLIBERTADOR S.A., ustedes nos hicieron el favor de realizar el estudio actuarial de jubilación patronal y de desahucio. Existe alguna posibilidad de que nos ayuden guiando con el registro contable de los mismos.",,Jubilacion Patronal,empresa,0,"Somos de la compañía TRANSLIBERTADOR S.A., ustedes nos hicieron el favor de realizar el estudio actuarial de jubilación patronal y de desahucio. Existe alguna posibilidad de que nos ayuden guiando con el registro contable de los mismos.",4.153639371381307,0.5115384615384616,-0.2974358974358975,-0.5,-0.5,-0.5,-0.5,0.0,38
"Señores Actuaria buenas tardes, me permito molestar su atención con una consulta referente al ejemplo que esta en internet sobre el cálculo de pesión del IESS cuando existen variaciones significativas en las remuneraciones con la fórmula anterior y la actual, en el establecen que de acuerdo al promedio simple sería 1.520 y con el nuevo cálculo sería 965.73, de ser posible por favor ayúdenme indicando como llego al valor de 965.73",,IESS,persona,0,"Señores Actuaria buenas tardes, me permito molestar su atención con una consulta referente al ejemplo que esta en internet sobre el cálculo de pesión del IESS cuando existen variaciones significativas en las remuneraciones con la fórmula anterior y la actual, en el establecen que de acuerdo al promedio simple sería 1.520 y con el nuevo cálculo sería 965.73, de ser posible por favor ayúdenme indicando como llego al valor de 965.73",1.6307692307692307,0.8865384615384615,1.5576923076923075,-0.275,-0.275,-0.275,-0.5,0.02702702702702703,74
hola me podria explicar mas del tema de machine learning,,Consultoria,persona,0,hola me podria explicar mas del tema de machine learning,-0.2,-0.2,-0.2,-0.2,-0.2,2.0,-0.2,0.1,10
"Buenas tardes? Cuál es el promedio de vida de una persona, para los cálculos actuariales??",,Jubilacion Patronal,persona,0,"Buenas tardes? Cuál es el promedio de vida de una persona, para los cálculos actuariales??",1.8974358974358974,0.18205128205128207,-0.046153846153846156,-0.30000000000000004,-0.30000000000000004,-0.30000000000000004,0.4666666666666667,0.13333333333333333,15
necesito me ayude con informacion tengo una nomina de 18 trabajadores pero dentro de ellos un persona de 80años que  necesito jubilarlo cual seria el costo  si usted me ayudaraia con el calculo,,Jubilacion Patronal,empresa,0,necesito me ayude con informacion tengo una nomina de 18 trabajadores pero dentro de ellos un persona de 80años que necesito jubilarlo cual seria el costo si usted me ayudaraia con el calculo,1.84981684981685,0.226007326007326,0.7765567765567766,-0.30000000000000004,-0.30000000000000004,-0.30000000000000004,-0.1523809523809524,0.0,33
Buenos dias me pueden ayudar con el numero de telefono de guayaquil,,Contacto,,0,Buenos dias me pueden ayudar con el numero de telefono de guayaquil,0.2,-0.1,-0.1,0.8,-0.1,-0.1,-0.1,0.16666666666666666,12
Buenas tardes Me podria ayudar con un correo electronico para enviar mi hoja de vida,claro con gusto: seleccion@actuaria.com.ec,job seeker,,0,Buenas tardes Me podria ayudar con un correo electronico para enviar mi hoja de vida,1.1162393162393163,-0.5,-0.5,1.0649572649572647,-0.5,-0.5,2.4188034188034186,0.13333333333333333,15
mi empresa Tiene 10 trabajadores y empezamos a contratar trabajadores desde el 2017 necesito saber si estoy obligado a realizar el estudio actuarial,,Jubilacion Patronal,empresa,0,mi empresa Tiene 10 trabajadores y empezamos a contratar trabajadores desde el 2017 necesito saber si estoy obligado a realizar el estudio actuarial,3.8936855570796665,0.2287147634973722,0.3196687370600415,-0.35652173913043483,-0.5,-0.5,-0.20476190476190478,0.0,23
Hola quisiera saber si cuales son las fechas de capacitaciones de talento humano y laboral,,Otros servicios (Charlas/Capacitaciones/Financiera),empresa,0,Hola quisiera saber si cuales son las fechas de capacitaciones de talento humano y laboral,0.04999999999999999,-0.30000000000000004,-0.30000000000000004,-0.30000000000000004,2.5,-0.30000000000000004,0.04999999999999999,0.06666666666666667,15
Buenas tardes cuanto me costaría realizar un cálculo del proporcional de jubilación patronal por 21 años de servicios.,,Jubilacion Patronal,empresa,0,Buenas tardes cuanto me costaría realizar un cálculo del proporcional de jubilación patronal por 21 años de servicios.,3.435897435897436,0.1076923076923077,0.056410256410256404,-0.4,-0.4,-0.4,-0.4,0.1111111111111111,18
buenas tardes por favor yo pedi que me ayuden con una cotizacion para la empresa Sergorey pero no he tenido respuesta necesito mandar a elaboara el informe actuarial,,Jubilacion Patronal,empresa,NP,buenas tardes por favor yo pedi que me ayuden con una cotizacion para la empresa Sergorey pero no he tenido respuesta necesito mandar a elaboara el informe actuarial,1.6878483835005573,0.1382385730211817,-0.05652173913043479,-0.05652173913043479,-0.2,-0.2,-0.2,0.07142857142857142,28
ggarofalo@cargoline.ec gardenia garofalo de la empresa Cargoline del Ecuador S.A. ..Por favor indicarme el costo por la estimación actuarial JUBILACION Y DESAHUCIO de 4 empleados.,,Jubilacion Patronal,empresa,0,ggarofalo@cargoline.ec gardenia garofalo de la empresa Cargoline del Ecuador S.A. ..Por favor indicarme el costo por la estimación actuarial JUBILACION Y DESAHUCIO de 4 empleados.,3.550027870680044,1.173494983277592,-0.15395763656633224,-0.35652173913043483,-0.5,-0.5,-0.5,0.0,28
ggarofalo@cargoline.ec gardenia garofalo de la empresa Cargoline del Ecuador S.A. ..Por favor indicarme el costo por la estimación actuarial JUBILACION Y DESAHUCIO de 4 empleados.,,Renuncia/Despido/Desahucio,persona,0,ggarofalo@cargoline.ec gardenia garofalo de la empresa Cargoline del Ecuador S.A. ..Por favor indicarme el costo por la estimación actuarial JUBILACION Y DESAHUCIO de 4 empleados.,3.550027870680044,1.173494983277592,-0.15395763656633224,-0.35652173913043483,-0.5,-0.5,-0.5,0.0,28
Hola buenos días pueden hacer algún tipo de descuentos ilegales en la liquidación,,Renuncia/Despido/Desahucio,persona,0,Hola buenos días pueden hacer algún tipo de descuentos ilegales en la liquidación,0.8928571428571428,1.1071428571428572,-0.2,-0.2,-0.2,-0.2,-0.2,0.23076923076923078,13
Quisiera saber cuánto me dieran de liquidación por renuncia voluntaria por 1 amo 1/2,,Renuncia/Despido/Desahucio,persona,0,Quisiera saber cuánto me dieran de liquidación por renuncia voluntaria por 1 amo 1/2,0.34285714285714286,1.657142857142857,-0.2,-0.2,-0.2,-0.2,-0.2,0.0,15
"Hola me gustaría saber si tienen alguna capacitacion vigente con respecto a legislacion laboral, obligaciones societarias afines",,Otros servicios (Charlas/Capacitaciones/Financiera),empresa,0,"Hola me gustaría saber si tienen alguna capacitacion vigente con respecto a legislacion laboral, obligaciones societarias afines",0.25,-0.1,-0.1,-0.1,0.5,-0.1,0.25,0.058823529411764705,17
Requiero actualizar el estudio actuarial realizado por ustedes para el ejercicio 2017,,Jubilacion Patronal,empresa,0,Requiero actualizar el estudio actuarial realizado por ustedes para el ejercicio 2017,1.9164598842018197,-0.048717948717948725,-0.2,-0.2,-0.2,-0.2,-0.2,0.0,12
HOLA BUEN DÍA ME AYUDARÍA CON UN CORREO ELECTRÓNICO PARA GENERA LA RETENCIÓN,,Contacto,,,HOLA BUEN DÍA ME AYUDARÍA CON UN CORREO ELECTRÓNICO PARA GENERA LA RETENCIÓN,0.24444444444444444,-0.30000000000000004,-0.30000000000000004,2.111111111111111,-0.30000000000000004,-0.30000000000000004,0.34444444444444444,0.15384615384615385,13
"Solicité una cotización y me enviaron dos precios una como NIIF y otra cómo NEC, cuál es la diferencia por favor me podrían aclarar.",,Jubilacion Patronal,empresa,0,"Solicité una cotización y me enviaron dos precios una como NIIF y otra cómo NEC, cuál es la diferencia por favor me podrían aclarar.",2.5384615384615383,-0.30000000000000004,-0.30000000000000004,-0.046153846153846156,-0.30000000000000004,-0.30000000000000004,0.1076923076923077,0.0,24
Buenas tardes Me interesa que me elaboren el estudio actuarial?  Cual es el costo?,,Jubilacion Patronal,empresa,0,Buenas tardes Me interesa que me elaboren el estudio actuarial? Cual es el costo?,1.9164598842018197,-0.048717948717948725,-0.2,-0.2,-0.2,-0.2,-0.2,0.14285714285714285,14
Buenas tardes favor me podria ayudar con una cotizacion para estudio actuarial de una empresa ,,Jubilacion Patronal,empresa,0,Buenas tardes favor me podria ayudar con una cotizacion para estudio actuarial de una empresa,2.6555903189844283,0.03823857302118171,-0.1565217391304348,-0.1565217391304348,-0.30000000000000004,-0.30000000000000004,-0.30000000000000004,0.13333333333333333,15
Dan Asesoría en Guayaquil y Quito? En dónde están ubicados en GYE?,,Contacto,,,Dan Asesoría en Guayaquil y Quito? En dónde están ubicados en GYE?,0.75,-0.5,-0.15000000000000002,3.55,-0.5,-0.5,-0.15000000000000002,0.0,12
Hola buenas tarde! Ustedes ofrecen training outdoor?,,Ambiguous,,,Hola buenas tarde! Ustedes ofrecen training outdoor?,-1.0,-1.0,-1.0,-1.0,-1.0,-1.0,-1.0,0.42857142857142855,7
Bnas tardes quería saber si me pueden ayudar con una liquidación patronal,,Jubilacion Patronal,persona,0,Bnas tardes quería saber si me pueden ayudar con una liquidación patronal,1.1428571428571428,0.7571428571428571,-0.2,-0.2,-0.2,-0.2,-0.2,0.08333333333333333,12
un favor tengo 385 aportaciones y sali de la empresa mi sueldo de los 7 años anteriores es de 1816 mi edad es 56 años me dicen que debo seguir aportando pero que lo haga con lo minimo es decir sobre los 384 SMV es cierto o digame por favor como debo aportar,,IESS,persona,0,un favor tengo 385 aportaciones y sali de la empresa mi sueldo de los 7 años anteriores es de 1816 mi edad es 56 años me dicen que debo seguir aportando pero que lo haga con lo minimo es decir sobre los 384 SMV es cierto o digame por favor como debo aportar,1.6622073578595318,-0.21304347826086958,2.120401337792642,-0.2565217391304348,-0.4,-0.4,-0.4,0.0,53
Quiero saber cuando me depositan el dinero de acta finiquito ya hize de la cuentas bancarias,,Renuncia/Despido/Desahucio,persona,0,Quiero saber cuando me depositan el dinero de acta finiquito ya hize de la cuentas bancarias,-0.2,2.0,-0.2,-0.2,-0.2,-0.2,-0.2,0.0,16
Buenos días por favor si me puede ayudar ya reuno los requisitos para mi jubilación me podría indicar cual es la pension aproximada que me saldría ? ,,Jubilacion Patronal,persona,0,Buenos días por favor si me puede ayudar ya reuno los requisitos para mi jubilación me podría indicar cual es la pension aproximada que me saldría ?,1.5705128205128205,-0.023076923076923078,0.35256410256410253,-0.2,-0.2,-0.2,-0.2,0.07692307692307693,26
Hola buenos días una pregunta por despido intempestivo por 8 años de trabajo con el sueldo básico. Cuanto debería resivir de liquidación....,,Renuncia/Despido/Desahucio,persona,0,Hola buenos días una pregunta por despido intempestivo por 8 años de trabajo con el sueldo básico. Cuanto debería resivir de liquidación....,0.861904761904762,2.7523809523809524,-0.061904761904761935,-0.4,-0.4,-0.4,-0.2523809523809524,0.13636363636363635,22
buen dia puedo hacer una pregunta,,Ambiguous,,,buen dia puedo hacer una pregunta,-1.0,-1.0,-1.0,-1.0,-1.0,-1.0,-1.0,0.16666666666666666,6
"buenas tardes, por favor requiero una cotización.",,Ambiguous,,,"buenas tardes, por favor requiero una cotización.",-1.0,-1.0,-1.0,-1.0,-1.0,-1.0,-1.0,0.2857142857142857,7
Tengo una pregunta del Seguro de Montepio,,IESS,persona,0,Tengo una pregunta del Seguro de Montepio,0.15,0.15,1.25,-0.2,-0.2,0.15,-0.2,0.0,7
"BUENAS TARDES NECESITO REALIZAR UNA TRANSFERENCIA PARA PAGAR UNA FACTURA , AYUDEME CON LOS DATOS POR FAVOR",,Contacto,,,"BUENAS TARDES NECESITO REALIZAR UNA TRANSFERENCIA PARA PAGAR UNA FACTURA , AYUDEME CON LOS DATOS POR FAVOR",-0.2,-0.2,-0.2,2.0,-0.2,-0.2,-0.2,0.125,16
Buenas tardes,,Greeting,,,Buenas tardes,-1.0,-1.0,-1.0,-1.0,-1.0,-1.0,-1.0,1.0,2
Le escribo de la empresa Baltic Reefers. Nos han sido referenciados por uno de nuestros clientes para la elaboracion de un estudio actuarial nos gustaria conocer costos y el tiempo de entrega,,Jubilacion Patronal,empresa,0,Le escribo de la empresa Baltic Reefers. Nos han sido referenciados por uno de nuestros clientes para la elaboracion de un estudio actuarial nos gustaria conocer costos y el tiempo de entrega,3.322256985651095,0.37157190635451504,-0.2565217391304348,-0.2565217391304348,-0.4,-0.4,-0.4,0.0,32
ESTIMADOS BUENAS TADER TARDES,,Greeting,,,ESTIMADOS BUENAS TADER TARDES,-1.0,-1.0,-1.0,-1.0,-1.0,-1.0,-1.0,0.5,4
ME PODRIA INDICAR COMO HAGO PARA EL CALCULO DE DE JUBILACION PATRONAL,,Jubilacion Patronal,persona,0,ME PODRIA INDICAR COMO HAGO PARA EL CALCULO DE DE JUBILACION PATRONAL,2.435897435897436,0.2076923076923077,0.15641025641025638,-0.30000000000000004,-0.30000000000000004,-0.30000000000000004,-0.30000000000000004,0.0,12
Estimada buenas tardes pregunta a que se refiere con provisiones futuras dentro de un estudio actuarial y eso debe ser contabilizado,,Jubilacion Patronal,empresa,0,Estimada buenas tardes pregunta a que se refiere con provisiones futuras dentro de un estudio actuarial y eso debe ser contabilizado,2.749793217535153,0.11794871794871793,-0.30000000000000004,-0.30000000000000004,-0.30000000000000004,-0.30000000000000004,-0.30000000000000004,0.09523809523809523,21
Excelente apoyo,,Hi Five,,PP,Excelente apoyo,-1.0,-1.0,-1.0,-1.0,-1.0,-1.0,-1.0,0.0,2
por favor quiero consultarles es necesario realizar el estudio actuarial si manejo solo una empelada para una compañia ?,,Jubilacion Patronal,empresa,0,por favor quiero consultarles es necesario realizar el estudio actuarial si manejo solo una empelada para una compañia ?,1.9164598842018197,-0.048717948717948725,-0.2,-0.2,-0.2,-0.2,-0.2,0.0,18
"Buenas tardes, tengo una consulta, si una persona jubilada quiere volver a trabajar cual sería el porcentaje de aportación al iess ahora?",,IESS,persona,0,"Buenas tardes, tengo una consulta, si una persona jubilada quiere volver a trabajar cual sería el porcentaje de aportación al iess ahora?",1.0344322344322343,-0.20476190476190478,2.6227106227106227,-0.4,-0.4,-0.4,-0.2523809523809524,0.09090909090909091,22
Hola buenas tarde,,Greeting,,,Hola buenas tarde,-1.0,-1.0,-1.0,-1.0,-1.0,-1.0,-1.0,1.0,3
Pueden ajudarme para tramitar mi juvilacion? Gracias.,,Jubilacion Patronal,persona,0,Pueden ajudarme para tramitar mi juvilacion? Gracias.,-1.0,-1.0,-1.0,-1.0,-1.0,-1.0,-1.0,0.0,7
buenas trades una consulta quien calcula y quien paga la jubilacion patronal ,,Jubilacion Patronal,persona,0,buenas trades una consulta quien calcula y quien paga la jubilacion patronal,2.435897435897436,0.2076923076923077,0.15641025641025638,-0.30000000000000004,-0.30000000000000004,-0.30000000000000004,-0.30000000000000004,0.08333333333333333,12
"Yo, trabaje en dos instituciones publicas, suman las dos los años de  trabajo para jubilarme",,Jubilacion Patronal,persona,0,"Yo, trabaje en dos instituciones publicas, suman las dos los años de trabajo para jubilarme",1.8534798534798536,0.09047619047619046,0.8608058608058609,-0.30000000000000004,-0.30000000000000004,-0.30000000000000004,-0.004761904761904773,0.0,15
hace mas de 2 semanas solicite una cotizacion para otra empresa que manejo me indicaron que alguien se contactaria conmigo via pero hasta la fecha lo hacen sería tan amable de indicarme si mi requerimiento será atendido??,,Queja,,NP,hace mas de 2 semanas solicite una cotizacion para otra empresa que manejo me indicaron que alguien se contactaria conmigo via pero hasta la fecha lo hacen sería tan amable de indicarme si mi requerimiento será atendido??,0.6391304347826087,-0.013043478260869573,-0.05652173913043479,-0.05652173913043479,-0.2,-0.2,-0.2,0.0,37
Hola Una consulta en que consiste el despido por desausio ,,Renuncia/Despido/Desahucio,persona,0,Hola Una consulta en que consiste el despido por desausio,0.2,0.8,-0.1,-0.1,-0.1,-0.1,-0.1,0.1,10
"Buenos días, estoy leyendo que a partir del año 2018 se elimino la posibilidad de que las reservas de jubilación patronal y desahucia sean deducibles, y solamente desde el año 2018 lo vamos a tomar en cuenta, porque?",,Jubilacion Patronal,persona,0,"Buenos días, estoy leyendo que a partir del año 2018 se elimino la posibilidad de que las reservas de jubilación patronal y desahucia sean deducibles, y solamente desde el año 2018 lo vamos a tomar en cuenta, porque?",2.2371794871794872,0.5602564102564103,-0.09743589743589745,-0.30000000000000004,-0.30000000000000004,-0.30000000000000004,-0.30000000000000004,0.05263157894736842,38
Buenos días,,Greeting,,,Buenos días,-1.0,-1.0,-1.0,-1.0,-1.0,-1.0,-1.0,1.0,2
"Me parece bueno el servicio que dan, mi pregunta es: qué puedo hacer para mejorar mi pensión jubilar, puesto que en febrero del 2020 cumplo los 60 años de edad y tengo 451 aportaciones",,Jubilacion Patronal,persona,0,"Me parece bueno el servicio que dan, mi pregunta es: qué puedo hacer para mejorar mi pensión jubilar, puesto que en febrero del 2020 cumplo los 60 años de edad y tengo 451 aportaciones",1.6730769230769231,-0.30000000000000004,1.3269230769230769,-0.30000000000000004,-0.30000000000000004,-0.30000000000000004,-0.30000000000000004,0.029411764705882353,34
COMO SACO LA RAIZ SESENTAVA,,IESS,persona,0,COMO SACO LA RAIZ SESENTAVA,-0.2,-0.2,2.0,-0.2,-0.2,-0.2,-0.2,0.0,5
"Necesito un estudio actuarial para provicion por jubilaciones, es para una empresa de servicios educativos ",,Jubilacion Patronal,empresa,0,"Necesito un estudio actuarial para provicion por jubilaciones, es para una empresa de servicios educativos",3.2709749343690433,-0.06176142697881831,0.22809364548494984,-0.25652173913043486,-0.4,-0.4,-0.4,0.0,15
"tenemos solo empleado al conserje con salario básico desde el 2000 cuánto nos cobran por solo el cálculo actuarial de esta persona para evaluar requiero si lo despido este año 19 o lo despido el otro que tiene 20 
o si mejor espero a su jubilación en 6 años",,Renuncia/Despido/Desahucio,persona,0,tenemos solo empleado al conserje con salario básico desde el 2000 cuánto nos cobran por solo el cálculo actuarial de esta persona para evaluar requiero si lo despido este año 19 o lo despido el otro que tiene 20 o si mejor espero a su jubilación en 6 años,3.309615384615385,2.8339743589743596,-0.24358974358974358,-0.7,-0.7,-0.10000000000000006,-0.7,0.0,49
buenos dias quisiera realizar una consulta,,Ambiguous,,,buenos dias quisiera realizar una consulta,-1.0,-1.0,-1.0,-1.0,-1.0,-1.0,-1.0,0.3333333333333333,6
necesito su ayuda quisiera saber cual es el asiento para la contabilizacion del estudio actuarial gracias nosotros hicimos el estudio con uds.,,Jubilacion Patronal,empresa,0,necesito su ayuda quisiera saber cual es el asiento para la contabilizacion del estudio actuarial gracias nosotros hicimos el estudio con uds.,2.884201819685691,-0.14871794871794874,-0.30000000000000004,-0.30000000000000004,-0.30000000000000004,-0.30000000000000004,-0.30000000000000004,0.0,22
quisiera saber su ustedes dan asesoria financiera a pymes?,,Otros servicios (Charlas/Capacitaciones/Financiera),empresa,0,quisiera saber su ustedes dan asesoria financiera a pymes?,-0.1,-0.1,-0.1,-0.1,1.0,-0.1,-0.1,0.0,9
"para el registro del estudi actuarial, los gastos son considerados como no deducible pero directamente va a afectar a mi resultado?",,Jubilacion Patronal,persona,0,"para el registro del estudi actuarial, los gastos son considerados como no deducible pero directamente va a afectar a mi resultado?",1.9164598842018197,-0.048717948717948725,-0.2,-0.2,-0.2,-0.2,-0.2,0.0,21
Me gustarìa saber respecto a la bonificación por desahucio,,Renuncia/Despido/Desahucio,persona,0,Me gustarìa saber respecto a la bonificación por desahucio,0.31666666666666665,1.5833333333333335,-0.2,-0.2,-0.2,-0.2,-0.2,0.0,9
Hola ayudenme como calculo el despido ineficaz de un persona embarazada y una persona con discapacida    porfavor,,Renuncia/Despido/Desahucio,persona,0,Hola ayudenme como calculo el despido ineficaz de un persona embarazada y una persona con discapacida porfavor,0.8153846153846154,1.0307692307692309,0.05384615384615385,-0.2,-0.2,-0.2,-0.2,0.058823529411764705,17
buenas tardes necesito me ayuden con una cotizaciòn de un estudio actuarial 2018,,Jubilacion Patronal,persona,0,buenas tardes necesito me ayuden con una cotizaciòn de un estudio actuarial 2018,1.9164598842018197,-0.048717948717948725,-0.2,-0.2,-0.2,-0.2,-0.2,0.15384615384615385,13
Cual es la formula de bonificación para desahucio?,,Renuncia/Despido/Desahucio,persona,0,Cual es la formula de bonificación para desahucio?,0.31666666666666665,1.5833333333333335,-0.2,-0.2,-0.2,-0.2,-0.2,0.0,8
"buenas tardes, me podrían ayudar con una inquietud por favor. En que momento una compañía debe realizar las provisiones por jubilación y desahucio",,Jubilacion Patronal,persona,0,"buenas tardes, me podrían ayudar con una inquietud por favor. En que momento una compañía debe realizar las provisiones por jubilación y desahucio",2.0705128205128203,0.826923076923077,-0.09743589743589745,-0.30000000000000004,-0.30000000000000004,-0.30000000000000004,-0.30000000000000004,0.08695652173913043,23
"buenas tardes, me podrían ayudar con una inquietud por favor. En que momento una compañía debe realizar las provisiones por jubilación y desahucio",,Renuncia/Despido/Desahucio,persona,0,"buenas tardes, me podrían ayudar con una inquietud por favor. En que momento una compañía debe realizar las provisiones por jubilación y desahucio",2.0705128205128203,0.826923076923077,-0.09743589743589745,-0.30000000000000004,-0.30000000000000004,-0.30000000000000004,-0.30000000000000004,0.08695652173913043,23
"podria explicarme un poquito para poder indicarles bajo que modalidad trabajaremos Buenos días, necesito me confirme la tasa de descuento con la que se desea trabajar: Bonos corporativos de alta calidad de los Estados Unidos (tasa aproximada del 4.25%) Bonos corporativos de alta calidad del Ecuador (tasa aproximada del 7.72%) este es para te del mail que Danile le pasa a mi compañera Lorena podria por favor indicarme a que hace referencia este tema o donde puedo encontrar la base legal sobre esto...??",,Jubilacion Patronal,empresa,0,"podria explicarme un poquito para poder indicarles bajo que modalidad trabajaremos Buenos días, necesito me confirme la tasa de descuento con la que se desea trabajar: Bonos corporativos de alta calidad de los Estados Unidos (tasa aproximada del 4.25%) Bonos corporativos de alta calidad del Ecuador (tasa aproximada del 7.72%) este es para te del mail que Danile le pasa a mi compañera Lorena podria por favor indicarme a que hace referencia este tema o donde puedo encontrar la base legal sobre esto...??",1.9880952380952381,0.44047619047619047,0.3761904761904762,-0.30000000000000004,-0.30000000000000004,-0.30000000000000004,-0.004761904761904773,0.023529411764705882,85
Dirección en guayaquil,,Contacto,,,Dirección en guayaquil,0.1,-0.2,-0.2,1.8,-0.2,-0.2,-0.2,0.0,3
"David Subia R de plan auto CONECA le saluda, por favor quisiera saber si ustedes realizan evaluaciones 360",,Consultoria,,,"David Subia R de plan auto CONECA le saluda, por favor quisiera saber si ustedes realizan evaluaciones 360",-0.2,0.4,0.5666666666666667,-0.2,-0.2,0.8333333333333333,-0.2,0.0,18
hola me puedes ayudar con informacion sobre capacitaciones en Sguros,,Otros servicios (Charlas/Capacitaciones/Financiera),empresa,0,hola me puedes ayudar con informacion sobre capacitaciones en Sguros,-0.1,-0.1,-0.1,-0.1,1.0,-0.1,-0.1,0.1,10
Buenas tardes hace unos dias solicite la cotizacion de un estudio actuarial para mi compañia pero hasta ahora no he recibido nada y me interesa poder tenerlo dentro de este mes estoy ubicada en la ciudad de Guayaquil,,Jubilacion Patronal,empresa,NP,Buenas tardes hace unos dias solicite la cotizacion de un estudio actuarial para mi compañia pero hasta ahora no he recibido nada y me interesa poder tenerlo dentro de este mes estoy ubicada en la ciudad de Guayaquil,3.11645988420182,-0.34871794871794876,-0.5,1.6,-0.5,-0.5,-0.5,0.07894736842105263,38
"he enviado un correo a info@actuaria.com.ec y por este medio, para que me ayuden con una cotizacion para un informe actuarial del 2018 no he recibido respuesta me puede ayudar por este medio? 
mi correo es alvaro.aldas@imetel.com.ec somos 63 trabajadores",,Jubilacion Patronal,empresa,NP,"he enviado un correo a info@actuaria.com.ec y por este medio, para que me ayuden con una cotizacion para un informe actuarial del 2018 no he recibido respuesta me puede ayudar por este medio? mi correo es alvaro.aldas@imetel.com.ec somos 63 trabajadores",3.2451159951159956,-0.2534798534798536,-0.03690476190476194,0.9677350427350427,-0.375,-0.375,0.37753357753357747,0.0,47
buenos dias la semana pasada envié solicitud de cotizacion para unos servicios de calculo por jubilaciòn aún no me ha llegado nada será posible que me envíen ??,,Jubilacion Patronal,empresa,NP,buenos dias la semana pasada envié solicitud de cotizacion para unos servicios de calculo por jubilaciòn aún no me ha llegado nada será posible que me envíen ??,2.5128205128205128,0.1076923076923077,0.056410256410256404,0.1076923076923077,-0.4,-0.4,0.4153846153846154,0.07407407407407407,27
buenas tardes como se calcula el desahucio cuando renuncio me podria dar la formula,,Renuncia/Despido/Desahucio,persona,0,buenas tardes como se calcula el desahucio cuando renuncio me podria dar la formula,1.2320512820512821,1.6141025641025641,-0.046153846153846156,-0.30000000000000004,-0.30000000000000004,-0.30000000000000004,-0.30000000000000004,0.14285714285714285,14
Buen dia necesito una cotizacion sobre un estudio actuarial para una empresa,,Jubilacion Patronal,empresa,0,Buen dia necesito una cotizacion sobre un estudio actuarial para una empresa,2.6555903189844283,0.03823857302118171,-0.1565217391304348,-0.1565217391304348,-0.30000000000000004,-0.30000000000000004,-0.30000000000000004,0.08333333333333333,12
Hola buenos dias,,Greeting,,,Hola buenos dias,-1.0,-1.0,-1.0,-1.0,-1.0,-1.0,-1.0,1.0,3
buenos dias me pueden ayudar calculando el valor a pagar de un empleado que se le realice un despido intempestivo,,Renuncia/Despido/Desahucio,persona,0,buenos dias me pueden ayudar calculando el valor a pagar de un empleado que se le realice un despido intempestivo,1.5903846153846153,3.0307692307692307,-0.021153846153846162,-0.5,-0.5,-0.5,-0.5,0.1,20
"Buenas tardes 
Me puede ayudar por favor con la cotización para un estudio actuarial del año en curso 
agradezco su gentil colaboración ",,Jubilacion Patronal,empresa,NP,Buenas tardes Me puede ayudar por favor con la cotización para un estudio actuarial del año en curso agradezco su gentil colaboración,1.9164598842018197,-0.048717948717948725,-0.2,-0.2,-0.2,-0.2,-0.2,0.09090909090909091,22
"Una consulta, cual es la diferencia entre cálculo actuarial para Pymes y para NIIF completas",,Jubilacion Patronal,empresa,NP,"Una consulta, cual es la diferencia entre cálculo actuarial para Pymes y para NIIF completas",2.564102564102564,0.18205128205128204,-0.046153846153846156,-0.30000000000000004,-0.30000000000000004,-0.30000000000000004,-0.30000000000000004,0.0,15
acabo de enviar mi hoja de vida para ver si puedo formar parte de su equipo,,job seeker,,,acabo de enviar mi hoja de vida para ver si puedo formar parte de su equipo,0.7717948717948717,-0.30000000000000004,-0.30000000000000004,-0.046153846153846156,-0.30000000000000004,-0.30000000000000004,1.9743589743589745,0.0,16
Gracias requiero el valor de una acta de finiquito por favor,,Renuncia/Despido/Desahucio,persona,0,Gracias requiero el valor de una acta de finiquito por favor,0.04999999999999999,2.625,-0.07500000000000001,-0.30000000000000004,-0.30000000000000004,-0.30000000000000004,-0.30000000000000004,0.0,11
"buen tardes, tal vez realizan revalorizacion de bienes muebles",,Otras Consultas,,,"buen tardes, tal vez realizan revalorizacion de bienes muebles",-1.0,-1.0,-1.0,-1.0,-1.0,-1.0,-1.0,0.2222222222222222,9
"queria hacer una pregunta: existe alguna disposicion de la super de la aplicacion de una tasa de descuento especifica? 
3% o 7% o cualquiera de las tasas son aceptadas en ecuador?",,Jubilacion Patronal,empresa,0,queria hacer una pregunta: existe alguna disposicion de la super de la aplicacion de una tasa de descuento especifica? 3% o 7% o cualquiera de las tasas son aceptadas en ecuador?,0.75,0.25,-0.1,-0.1,-0.1,-0.1,-0.1,0.0,31
"Daniela, por favor ayudeme, estoy pidiendo asistencia para calculo de jubilaciones de OG DISTRIBUCIONES 
Pero al mail que envie no me ha llegado nada",,Jubilacion Patronal,empresa,NP,"Daniela, por favor ayudeme, estoy pidiendo asistencia para calculo de jubilaciones de OG DISTRIBUCIONES Pero al mail que envie no me ha llegado nada",1.7692307692307692,0.03076923076923077,0.43846153846153857,-0.046153846153846156,-0.30000000000000004,-0.30000000000000004,0.1076923076923077,0.0,24
buenas tardes...  quiero saber si prestan servicios en la ciudad de Guayaquil,,Contacto,,,buenas tardes... quiero saber si prestan servicios en la ciudad de Guayaquil,0.7,-0.2,-0.2,1.3,-0.2,-0.2,-0.2,0.16666666666666666,12
"Buenas tardes, hace unos meses solicite una cotización, por favor comuníquese conmigo para hablar del tema por favor 0997099659",,Ambiguous,,,"Buenas tardes, hace unos meses solicite una cotización, por favor comuníquese conmigo para hablar del tema por favor 0997099659",-1.0,-1.0,-1.0,-1.0,-1.0,-1.0,-1.0,0.10526315789473684,19
buenas tardes quisiera saber un poco mas sobre las capacitaciones de gestion humana,,Otros servicios (Charlas/Capacitaciones/Financiera),empresa,0,buenas tardes quisiera saber un poco mas sobre las capacitaciones de gestion humana,-0.2,-0.2,-0.2,-0.2,2.0,-0.2,-0.2,0.15384615384615385,13
Buenos dias podría informarme si hay alguna especialidad q ustedes otorguen para tener conocimientos de actuaría. Y poder desempeñarme en un cargo. Son ingeniera financiera. ,,Otros servicios (Charlas/Capacitaciones/Financiera),persona,0,Buenos dias podría informarme si hay alguna especialidad q ustedes otorguen para tener conocimientos de actuaría. Y poder desempeñarme en un cargo. Son ingeniera financiera.,0.15,-0.2,0.024999999999999994,0.024999999999999994,1.125,0.024999999999999994,-0.2,0.08,25
me gustaria saber si estan necesitando personal,,job seeker,,,me gustaria saber si estan necesitando personal,0.9166666666666666,-0.2,0.15,0.15,-0.2,-0.2,0.5833333333333333,0.0,7
Quiero poner una queja por el mal servicio que dan,,Queja,,NP,Quiero poner una queja por el mal servicio que dan,-1.0,-1.0,-1.0,-1.0,-1.0,-1.0,-1.0,0.0,10
Que productos venden en consultoría?,,Consultoria,empresa,,Que productos venden en consultoría?,-0.1,-0.1,-0.1,-0.1,-0.1,1.0,-0.1,0.0,5
Cuál es la dirección de Actuaria?,,Contacto,,,Cuál es la dirección de Actuaria?,0.15,-0.2,0.024999999999999994,1.125,0.024999999999999994,0.024999999999999994,-0.2,0.0,6
Cuánto cuesta una nota técnica?,,Consultoria,empresa,,Cuánto cuesta una nota técnica?,-0.2,-0.2,-0.2,-0.2,-0.2,2.0,-0.2,0.0,5
Muy buen servicio,,Hi Five,,PP,Muy buen servicio,-1.0,-1.0,-1.0,-1.0,-1.0,-1.0,-1.0,0.3333333333333333,3
Me parece bueno el servicio que dan,,Hi Five,,PP,Me parece bueno el servicio que dan,-1.0,-1.0,-1.0,-1.0,-1.0,-1.0,-1.0,0.14285714285714285,7
Envío mi cv para una oportunidad laboral,,job seeker,,,Envío mi cv para una oportunidad laboral,0.5884615384615385,-0.4,-0.4,-0.14615384615384616,0.19999999999999996,-0.4,2.5576923076923075,0.0,7
Cuánto cuesta una Nota Técnica?,,Consultoria,empresa,,Cuánto cuesta una Nota Técnica?,-0.2,-0.2,-0.2,-0.2,-0.2,2.0,-0.2,0.0,5
"No estoy contenta con los plazos, quisiera presentar una queja",,Queja,,NP,"No estoy contenta con los plazos, quisiera presentar una queja",-1.0,-1.0,-1.0,-1.0,-1.0,-1.0,-1.0,0.0,10
Cuanto cuesta un estudio?,,Ambiguous,,,Cuanto cuesta un estudio?,0.967741935483871,-0.1,-0.1,-0.1,-0.1,-0.1,-0.1,0.0,4
Quisiera enviar mi cv para que sea considerado ,,job seeker,,,Quisiera enviar mi cv para que sea considerado,0.43846153846153846,-0.2,-0.2,0.05384615384615385,-0.2,-0.2,1.3076923076923077,0.0,8
Felicitaciones srs actuaria por su buen servicio,,Hi Five,,,Felicitaciones srs actuaria por su buen servicio,0.25,-0.1,0.125,0.125,0.125,0.125,-0.1,0.14285714285714285,7
Sigan asi. Muchas grascias,,Hi Five,,,Sigan asi. Muchas grascias,-1.0,-1.0,-1.0,-1.0,-1.0,-1.0,-1.0,0.0,4
Actuaria es una mala empresa que no nos ha dado la atencion requerida,,Queja,,NP,Actuaria es una mala empresa que no nos ha dado la atencion requerida,0.9891304347826086,-0.013043478260869573,0.16847826086956522,0.16847826086956522,0.024999999999999994,0.024999999999999994,-0.2,0.0,13
Porque no contestan el telefono? Es muy dificil contactarse con ustedes,,Queja,,NP,Porque no contestan el telefono? Es muy dificil contactarse con ustedes,-0.2,-0.2,-0.2,0.8333333333333333,0.2333333333333333,-0.2,-0.2,0.0,11
