Pregunta,respuesta,Tema,Pers/empresa,Polarity
Hola una pregunta en que perjudica el acta de finiquito por una liquidación,,Renuncia/Despido/Desahucio,persona,0
PARA CALCULAR EL DESAHUCIO SE DEBE TOMAR EN CUENTA EL VALOR POR HORAS EXTRAS Y LA ALIMENTACIÓN?,,Renuncia/Despido/Desahucio,persona,0
"supuestamente Correa emitió el decreto 225 dodne aquellos que tenian 12años a la fecha del mensionado decreto, perdian la jubilacion patronal 12 años 5meses de servicio perdía la jubilacion patronal",,Jubilacion Patronal,persona,0
"TENGO 20 AÑOS DE APORTES  (15 EN LA MISMA EMPRESA) Y 56 AÑOS DE EDAD , QUE POSIBILIDAD TENGO DE ACOGERME A UNA JUBILACION. GRACIAS",,Jubilacion Patronal,persona,0
Buenos dias una consulta ingrese la jubilacion de mi papa pero en estado de la solicitud sigue en suspenso que significa,,Jubilacion Patronal,persona,0
"buenos dias, por favor me podria explicar que significa  etado suspenso una vez que solicite mi jubilación. gracias",,Jubilacion Patronal,persona,0
"Una consulta soy una afiliada voluntaria viviendo en USA, cuando vivi en Ecuador aporte por mas de 20 anos, actualmente tengo 59 anos y 342 aportaciones, en diciembre del 2020 cumpliré las 360 imposiciones y en junio del 20 cumpliré 60 anos, estoy tratando de ver cuanto me tocara de jubilación y si puedo aportar mas para obtener una mejor jubilación, es algo que tu me podrías ayudar o indicarme como saco la raíz sesentava? por favor ayudame",,IESS,persona,0
"Buenas tardes, mi nombre es Luz López de GRUPOK S. A. y estoy interesada en asistir a la charla el día 18/06/2019, pero veo que ya no hay cupos? lastimosamente me demoré porque solicité la autorización de la Gerente que no me contestó pronto, no e si hay como me ayuden. Gracias.","Buenos días estimada Luz, enviaré su solicitud a su ejecutivo comercial: ventas1@actuaria.com.ec para ubicarla en lista de espera, gracias por escribirnos",Charlas/Capacitaciones,empresa,0
"una consulta, quiero renunciar directo en el,misniterio, a que no mas tengo derechos tengo como 60 dias de vacaciones acumuladas",,Renuncia/Despido/Desahucio,persona,0
"Buenos dìas, necesito servicios de provisiòn de jubilaciòn del personal","Buenos días, me ayuda con los siguientes datos por favor: ruc, nombre empresa, contacto, cargo, correo y teléfonos",Jubilacion Patronal,empresa,0
"Buenos dias, Necesito que me ayuden  como realizar mla proyeccion de jubilación del iess con el nuevo calculo una persona que tiene menos de 40 aportaciones",,IESS,persona,0
Como calculo la pensión la raiz sesentava de 7600..ayudeme,"Buenas tardes https://actuaria.com.ec/modificacion-en-el-calculo-de-pensiones-del-iees/ en esa url encontrará un articulo, donde explica el cálculo",IESS,persona,0
"Buenas tardes, como calculo el valor que debo pagar de jubilacion patronal",,Jubilacion Patronal,persona,0
"Buenos dias como esta, Q debo hacer para ganar una entrevista de trabajo","Buenos días 
por favor enviar su CV al siguiente correo: seleccion@actuaria.com.ec 
gracias por escribirnos",job seeker,persona,0
buenos dias un favor deseo saber en caso de despido el valor de  la  jubilacion patronal yo tengo 22 años en la  institucion y mencionan tengo parte proporcional de la patronal me puede ayudar,,Jubilacion Patronal,persona,0
"Buenos Dias, favor necesito un estudio actuarial para nuestra empresa que se compone de 40 empleados aporx.","Buenas tardes 
con mucho gusto, me ayuda con los siguientes datos por favor: Ruc, nombre empresa, contacto, cargo, correo y teléfonos, gracias",Jubilacion Patronal,empresa,0
Tengo una consulta sobre jubilación patronal,,Jubilacion Patronal,persona,0
Buenos días deseso saber como calcular la. Liquidación por. Motivo de despido intempestivo,,Renuncia/Despido/Desahucio,persona,0
Mi esposo se jubilo por invalidez total absoluta Que tipo de indemnización debe tener? O que fondos debería retirar,,IESS,persona,0
"Hola Daniela, buenos días. Te escribo desde México, mira, estoy llevando a cabo una investigación sobre que requisitos necesita un actuario para registrar un producto de seguros. No sé si podrías ayudarme a guiarme un poco 
",,Consultoria,persona,0
"Buenas tardes Si es de un fallecido, pueden cobrar los hijos la jubilacion patronal?",,Jubilacion Patronal,persona,0
"Muy buenas tardes, con el máximo respeto me dirijo para que me ayude con una consulta. Soy Rector de una institución educativa particular actualmente por tengo el contrato por servicios profesionales, ya que me descontaban el 40%. (Por ser militar jubilado). Deseo saber si efectivamente quedó sin efecto ese descuento para solicitar el contrato en Relación de dependencia. edisonmorenoperez24@hotmail.com",,Jubilacion Patronal,persona,0
"Buenos días... Estimada Daniela le saludos de la Fundación Cuesta Holguin, hace un mes nos ayudaron con el estudio Actuarial de nuestra Fundación..","el nombre de su consultor es Paola Toaquiza, su extensión 520 y correo: paola.toaquiza@actuaria.com.ec",Jubilacion Patronal,empresa,0
"buenas tardes. una consulta por favor, si una persona ha trabajado en empresa privada 13 años y después 20 años en una dependencia publica con la modalidad régimen laboral, tiene derecho a la jubilación patronal",,Jubilacion Patronal,persona,0
"Buenas tardes Tengo una pregunta Si renunció a mi trabajo donde estuve 22 años 4 meses, en la misma empresa Pierdo la proporcional de la jubilación patronal",,Jubilacion Patronal,persona,0
Me encuentro cesante desde hace dos meses como educador preguntó si tengo el derecho a la pensión patronal vitalicia como docente que fui X 31 años consecutivos el Ministerio de educación,,Jubilacion Patronal,persona,0
Buenos dìas necesito servicios de provisiòn de jubilaciòn del personal,"Buenos días 
me ayuda con los siguientes datos por favor: ruc, nombre empresa, contacto, cargo, correo y teléfonos ",Jubilacion Patronal,empresa,0
"Buenas tardes soy Miriam, trabajo ya 30 años en una misma empresa, quiero saber  yo puedo jubilarme cuando ya cumpla 60 años a pesar que yo ya deje de trabajar en el 2019",,Jubilacion Patronal,persona,0
"necesito realizar una consulta sobre los porcentajes rrc  a aplicar en este periodo, los q rigen a partir del abril 2019","Buenos días 
me ayuda con los siguientes datos por favor: ruc, nombre empresa, contacto, cargo, correo y teléfonos ",Consultoria,empresa,0
usted me uede ayudar con una pregunta de liquidacion,,Renuncia/Despido/Desahucio,persona,0
buenos dias cual seria el costo del estudio para una empresa y persona  obligada llevar contablidad,"Buenos días 
me ayuda con los siguientes datos por favor: ruc, nombre empresa, contacto, cargo, correo y teléfonos ",Jubilacion Patronal,empresa,0
Buenos días nuestros patrones quieren cerrar la empresa pero nos dicen q pongamos la renuncia conde el valor del despido intempestiva enque nos perjudica o xq hacen eso,,Renuncia/Despido/Desahucio,persona,0
"Le saludo de la firma de auditoria Mackliff Audit Corporation, Queria un estudio actuarial ","Buenos días 
me ayuda con los siguientes datos por favor: ruc, nombre empresa, contacto, cargo, correo y teléfonos ",Jubilacion Patronal,empresa,0
"hola, tengo una duda me jubile en el mes de diciembre de 2018, con 57 años de edad y 400 aportaciones, y tengo el 45% de discapacidad, pero el coeficiente de calculo me lo aplican por 300 aportaciones no por las 400 que tengo, ayudeme que procedimiento debería seguir para que me paguen lo justo",,IESS,persona,0
Buenas días q significa seguro de desahucio,,Renuncia/Despido/Desahucio,persona,0
"buenas tardes  soy empleado de la espoch  ayudante de audiovisuales, con  49 años de servicio ininterrumpido tengo 58 años de edad  consto actualmente en el régimen de la LOSEP  no me pasaron al código de trabajo es beneficios para mi jubilación estar  en la LOSEP, con cuanto me liquidarian  tanto en el IES como en la ESPOCH? perdón 40 años de servicio, 59 años de edad.",,Jubilacion Patronal,persona,0
"BUENAS TARDES, NECESITO QUE ME AYUDEN CON UN ESTUDIO ACTUARIAL PARA UNA EMPRESA QUE AL MOMENTO CUENTA CON 8 EMPLEADOS , ME PUEDEN INDICAR QUE SE NECESITA, UNA COTIZACIÓN, Y UN TIEMPO ESTIMADO DE ENTREGA. MUCHAS GRACIAS","Buenos días 
me ayuda con los siguientes datos por favor: ruc, nombre empresa, contacto, cargo, correo y teléfonos ",Jubilacion Patronal,empresa,0
"Hola, una persona que laboro como servicio domestico como 30 años esta obligado a recibir la jubilacion patronal.  Muchas gracias",,Jubilacion Patronal,persona,0
Hola Buenas tardes somos un grupo de jubilados que trabajamos en el iess. No nos están pagando lo que se debería  estamos peleando 4 años y nadie responde. Siempre hay algún pretexto para no pagarnos. Éramos del código de trabajo hay leyes y documentos q respaldan aquello pero no nos hacen caso,,IESS,persona,0
"Estimados, Quiero saber mas sobre el servicio de valoracion actuarial, y sus costos",,Jubilacion Patronal,empresa,0
Quisiera una cotización de un estudio actuarial,,Jubilacion Patronal,empresa,0
Buenos días,,Greeting,,0
buenos dia,,Greeting,,0
X favor tengo 62 años de edad y 8 años de aportación cuantas aportaciones me faltaría para jubilarme  gracias,,IESS,persona,0
Buen dia......como y cuando debería ponerle asunto al tema de la jubilaciòn patronal....desde cuantos años uno puede gozar de ese derecho?,,Jubilacion Patronal,persona,0
Tengo 62 año y 352 imposiciones me podria cojer a la juvilacion en octubre q cunplo lad 360 imposicipnes,,IESS,persona,0
"Buenas tardes, a partir de cuantos empleados se debe de realizar el estudio actuarial?",,Jubilacion Patronal,persona,0
BUENOS DIAS ,,Greeting,,0
 Buenos días. Mi nombre es Oscar Castro. Ayer llamé a su empresa solictando hablar con el Sr. Rodrigo Ibarra. Me señalaron que intentara hoy en la mañana. Es posible contactarle telefónicamete?,,Contacto,,0
"Le saluda Claudia Camino de ZHM Seguros, nosotros ya trabajamos un estudio actuarial con uds actualmente requiero cotizar un estudio de jubilación patronal de una colaboradora que requiere jubilarse",,Jubilacion Patronal,empresa,0
"Buen dia, disculpe quisiera saber cual es el costo del calculo actuarial",,Jubilacion Patronal,empresa,0
"Buenas tardes,somos de Servicios Petroleros Galeth, solicitamos la base legal  que respalde que las empresas deben presentar estudios actuariales, gracias.",,Jubilacion Patronal,empresa,0
"Por favor, a qué telefono le llamo para solicitar cotizacion del estudio actuarial?",,Jubilacion Patronal,empresa,0
ESTIMADOS UN INFORME ACTUARIAL CADA CUANTOS AÑOS SE LO REALIZA,,Jubilacion Patronal,empresa,0
necesito cotización para un estudio actuarial.   Que información necesita para enviarme una proforma.,,Jubilacion Patronal,empresa,0
buenas tardes. por favor me podria informar cuanto se recibe de jubilacion por invalidez cumpliendo las 60 aportaciones. gracias,,IESS,persona,0
buenas tardes tal vez me podría indicar quiene tienen derecho a solicitar la reliquidación del montepío?,,IESS,persona,0
"Buena día, Ustedes son broker?",,Greeting,,0
Buenos dias por favor el día de ayer solicite me ayuden con una cotizacion del servicio del calculo actuarial envie los datos que me solicitaron y hasta el momento no tengo respuesta,,Jubilacion Patronal,empresa,0
Estimados buenos dias somos clientes de Actuaria(Magnolia RUC 0992876905001 y nos están consultando uds qué tasa aplicar para el estudio actuarial ya que somo NIIF Full Por favor ayúdeme indicando el numero de resolucion de la SUPERCIAS que aclaró este tema para proceder a responderle,,Jubilacion Patronal,empresa,0
hola buenastardes,,Greeting,,0
Como hago para querer cotizar ante el iess? Mi cédula es.de.condición extranjera,,IESS,persona,0
le saluda Miguel Zamora le acabe de enviar con correo a la Ventas3 favor para que lea mi correo y me conteste gracias,,Contacto,,0
hola,,Greeting,,0
Disculpa buenas tardes cuanto me cuentas el calculo de una jubilacion patronal por servicio domestico por 24 años de servicio,,Jubilacion Patronal,persona,0
HOLA CUAL SERIA EL VALOR A CANCELARME POR EL TIEMPO DE SERVICIO TRABAJE CINCO AÑOS EL ULTIMO SALARIO ERA DE 375,,Renuncia/Despido/Desahucio,persona,0
"Buenas noches necesito que por favor me ayuden con una cotizacion para el calculo actuarial del 2018 para la empresa Exoticgardens S.A. el ruc es 1792481082001, el correo es evggallardo@gmail.com Mi nombre es Lucy Araque  Muchas gracias",,Jubilacion Patronal,empresa,0
BUENOS DIAS una pregunta sobre la jubilación patronal no estoy muy clara ejemplo  despues de haber cumplido 20 y un mes tiene derecho a un proporcional de la jubilacion patronal??,,Jubilacion Patronal,persona,0
"Buenas tardes mi estimada Daniela, quisiera saber si una pyme esta obligada a calcular la provision de jubilacion patronal y desahucio",,Jubilacion Patronal,empresa,0
BUENOS DIAS POR FAVOR ME PUEDEN AYUDAR CON UN CORREO ELECTRÓNICO PARA ENVIARLES UNA RETENCION,,Contacto,empresa,0
mi pregunta  a 27 años de trabajo cuanto en una empresa agricola  y que  se cambio de razon social  por tres acaciones a cuanto  es el porcentaje  que se  debe hacer el calculo,,Jubilacion Patronal,empresa,0
Buen dia como se liquida la jubilacion patronal por despido intenpestivo tengo 21 años,,Jubilacion Patronal,persona,0
"Por favor es tan amable, necesito saber si me pueden ayuda con una cotizacion para la realizacion de un estudio actuarial del 2017 y del 2018",,Jubilacion Patronal,empresa,0
Buenas tardes Me gustaría saber si ustedes podrían ofrecer un servicio de capacitación respecto a la jubilación patronal para los miembros del staff de la Delegación de la Unión Europea,,Jubilacion Patronal,empresa,0
Hola una consulta para que fecha tienen capacitaciones,,Charlas/Capacitaciones,empresa,0
"Somos de la compañía TRANSLIBERTADOR S.A., ustedes nos hicieron el favor de realizar el estudio actuarial de jubilación patronal y de desahucio. Existe alguna posibilidad de que nos ayuden guiando con el registro contable de los mismos.",,Jubilacion Patronal,empresa,0
"Señores Actuaria buenas tardes, me permito molestar su atención con una consulta referente al ejemplo que esta en internet sobre el cálculo de pesión del IESS cuando existen variaciones significativas en las remuneraciones con la fórmula anterior y la actual, en el establecen que de acuerdo al promedio simple sería 1.520 y con el nuevo cálculo sería 965.73, de ser posible por favor ayúdenme indicando como llego al valor de 965.73",,IESS,persona,0
hola me podria explicar mas del tema de machine learning,,Consultoria,persona,0
"Buenas tardes? Cuál es el promedio de vida de una persona, para los cálculos actuariales??",,Jubilacion Patronal,persona,0
necesito me ayude con informacion tengo una nomina de 18 trabajadores pero dentro de ellos un persona de 80años que  necesito jubilarlo cual seria el costo  si usted me ayudaraia con el calculo,,Jubilacion Patronal,empresa,0
Buenos dias me pueden ayudar con el numero de telefono de guayaquil,,Contacto,,0
Buenas tardes Me podria ayudar con un correo electronico para enviar mi hoja de vida,claro con gusto: seleccion@actuaria.com.ec,job seeker,,0
mi empresa Tiene 10 trabajadores y empezamos a contratar trabajadores desde el 2017 necesito saber si estoy obligado a realizar el estudio actuarial,,Jubilacion Patronal,empresa,0
Hola quisiera saber si cuales son las fechas de capacitaciones de talento humano y laboral,,Charlas/Capacitaciones,empresa,0
Buenas tardes cuanto me costaría realizar un cálculo del proporcional de jubilación patronal por 21 años de servicios.,,Jubilacion Patronal,empresa,0
buenas tardes por favor yo pedi que me ayuden con una cotizacion para la empresa Sergorey pero no he tenido respuesta necesito mandar a elaboara el informe actuarial,,Jubilacion Patronal,empresa,NP
ggarofalo@cargoline.ec gardenia garofalo de la empresa Cargoline del Ecuador S.A. ..Por favor indicarme el costo por la estimación actuarial JUBILACION Y DESAHUCIO de 4 empleados.,,Jubilacion Patronal,empresa,0
ggarofalo@cargoline.ec gardenia garofalo de la empresa Cargoline del Ecuador S.A. ..Por favor indicarme el costo por la estimación actuarial JUBILACION Y DESAHUCIO de 4 empleados.,,Renuncia/Despido/Desahucio,persona,0
Hola buenos días pueden hacer algún tipo de descuentos ilegales en la liquidación,,Renuncia/Despido/Desahucio,persona,0
Quisiera saber cuánto me dieran de liquidación por renuncia voluntaria por 1 amo 1/2,,Renuncia/Despido/Desahucio,persona,0
"Hola me gustaría saber si tienen alguna capacitacion vigente con respecto a legislacion laboral, obligaciones societarias afines",,Charlas/Capacitaciones,empresa,0
Requiero actualizar el estudio actuarial realizado por ustedes para el ejercicio 2017,,Jubilacion Patronal,empresa,0
HOLA BUEN DÍA ME AYUDARÍA CON UN CORREO ELECTRÓNICO PARA GENERA LA RETENCIÓN,,Contacto,,
"Solicité una cotización y me enviaron dos precios una como NIIF y otra cómo NEC, cuál es la diferencia por favor me podrían aclarar.",,Jubilacion Patronal,empresa,0
Buenas tardes Me interesa que me elaboren el estudio actuarial?  Cual es el costo?,,Jubilacion Patronal,empresa,0
Buenas tardes favor me podria ayudar con una cotizacion para estudio actuarial de una empresa ,,Jubilacion Patronal,empresa,0
Dan Asesoría en Guayaquil y Quito? En dónde están ubicados en GYE?,,Contacto,,
Hola buenas tarde! Ustedes ofrecen training outdoor?,,Greeting,,
Bnas tardes quería saber si me pueden ayudar con una liquidación patronal,,Jubilacion Patronal,persona,0
un favor tengo 385 aportaciones y sali de la empresa mi sueldo de los 7 años anteriores es de 1816 mi edad es 56 años me dicen que debo seguir aportando pero que lo haga con lo minimo es decir sobre los 384 SMV es cierto o digame por favor como debo aportar,,IESS,persona,0
Quiero saber cuando me depositan el dinero de acta finiquito ya hize de la cuentas bancarias,,Renuncia/Despido/Desahucio,persona,0
Buenos días por favor si me puede ayudar ya reuno los requisitos para mi jubilación me podría indicar cual es la pension aproximada que me saldría ? ,,Jubilacion Patronal,persona,0
Hola buenos días una pregunta por despido intempestivo por 8 años de trabajo con el sueldo básico. Cuanto debería resivir de liquidación....,,Renuncia/Despido/Desahucio,persona,0
buen dia puedo hacer una pregunta,,Greeting,,
"buenas tardes, por favor requiero una cotización.",,Greeting,,
Tengo una pregunta del Seguro de Montepio,,IESS,persona,0
Buenas tardes,,Greeting,,
Le escribo de la empresa Baltic Reefers. Nos han sido referenciados por uno de nuestros clientes para la elaboracion de un estudio actuarial nos gustaria conocer costos y el tiempo de entrega,,Jubilacion Patronal,empresa,0
ESTIMADOS BUENAS TADER TARDES,,Greeting,,
ME PODRIA INDICAR COMO HAGO PARA EL CALCULO DE DE JUBILACION PATRONAL,,Jubilacion Patronal,persona,0
Estimada buenas tardes pregunta a que se refiere con provisiones futuras dentro de un estudio actuarial y eso debe ser contabilizado,,Jubilacion Patronal,empresa,0
Excelente apoyo,,Hi Five,,PP
por favor quiero consultarles es necesario realizar el estudio actuarial si manejo solo una empelada para una compañia ?,,Jubilacion Patronal,empresa,0
"Buenas tardes, tengo una consulta, si una persona jubilada quiere volver a trabajar cual sería el porcentaje de aportación al iess ahora?",,IESS,persona,0
Hola buenas tarde,,Greeting,,
Pueden ajudarme para tramitar mi juvilacion? Gracias.,,Jubilacion Patronal,persona,0
buenas trades una consulta quien calcula y quien paga la jubilacion patronal ,,Jubilacion Patronal,persona,0
"Yo, trabaje en dos instituciones publicas, suman las dos los años de  trabajo para jubilarme",,Jubilacion Patronal,persona,0
hace mas de 2 semanas solicite una cotizacion para otra empresa que manejo me indicaron que alguien se contactaria conmigo via pero hasta la fecha lo hacen sería tan amable de indicarme si mi requerimiento será atendido??,,Queja,,NP
Hola Una consulta en que consiste el despido por desausio ,,Renuncia/Despido/Desahucio,persona,0
"Buenos días, estoy leyendo que a partir del año 2018 se elimino la posibilidad de que las reservas de jubilación patronal y desahucia sean deducibles, y solamente desde el año 2018 lo vamos a tomar en cuenta, porque?",,Jubilacion Patronal,persona,0
Buenos días,,Greeting,,
"Me parece bueno el servicio que dan, mi pregunta es: qué puedo hacer para mejorar mi pensión jubilar, puesto que en febrero del 2020 cumplo los 60 años de edad y tengo 451 aportaciones",,Jubilacion Patronal,persona,0
COMO SACO LA RAIZ SESENTAVA,,IESS,persona,0
"Necesito un estudio actuarial para provicion por jubilaciones, es para una empresa de servicios educativos ",,Jubilacion Patronal,empresa,0
"tenemos solo empleado al conserje con salario básico desde el 2000 cuánto nos cobran por solo el cálculo actuarial de esta persona para evaluar requiero si lo despido este año 19 o lo despido el otro que tiene 20 
o si mejor espero a su jubilación en 6 años",,Renuncia/Despido/Desahucio,persona,0
buenos dias quisiera realizar una consulta,,Greeting,,
necesito su ayuda quisiera saber cual es el asiento para la contabilizacion del estudio actuarial gracias nosotros hicimos el estudio con uds.,,Jubilacion Patronal,empresa,0
quisiera saber su ustedes dan asesoria financiera a pymes?,,Otros servicios,empresa,0
"para el registro del estudi actuarial, los gastos son considerados como no deducible pero directamente va a afectar a mi resultado?",,Jubilacion Patronal,persona,0
Me gustarìa saber respecto a la bonificación por desahucio,,Renuncia/Despido/Desahucio,persona,0
Hola ayudenme como calculo el despido ineficaz de un persona embarazada y una persona con discapacida    porfavor,,Renuncia/Despido/Desahucio,persona,0
buenas tardes necesito me ayuden con una cotizaciòn de un estudio actuarial 2018,,Jubilacion Patronal,persona,0
Cual es la formula de bonificación para desahucio?,,Renuncia/Despido/Desahucio,persona,0
"buenas tardes, me podrían ayudar con una inquietud por favor. En que momento una compañía debe realizar las provisiones por jubilación y desahucio",,Jubilacion Patronal,persona,0
"buenas tardes, me podrían ayudar con una inquietud por favor. En que momento una compañía debe realizar las provisiones por jubilación y desahucio",,Renuncia/Despido/Desahucio,persona,0
"podria explicarme un poquito para poder indicarles bajo que modalidad trabajaremos Buenos días, necesito me confirme la tasa de descuento con la que se desea trabajar: Bonos corporativos de alta calidad de los Estados Unidos (tasa aproximada del 4.25%) Bonos corporativos de alta calidad del Ecuador (tasa aproximada del 7.72%) este es para te del mail que Danile le pasa a mi compañera Lorena podria por favor indicarme a que hace referencia este tema o donde puedo encontrar la base legal sobre esto...??",,Jubilacion Patronal,empresa,0
Dirección en guayaquil,,Contacto,,
"David Subia R de plan auto CONECA le saluda, por favor quisiera saber si ustedes realizan evaluaciones 360",,Consultoria,,
hola me puedes ayudar con informacion sobre capacitaciones en Sguros,,Charlas/Capacitaciones,empresa,0
Buenas tardes hace unos dias solicite la cotizacion de un estudio actuarial para mi compañia pero hasta ahora no he recibido nada y me interesa poder tenerlo dentro de este mes estoy ubicada en la ciudad de Guayaquil,,Jubilacion Patronal,empresa,NP
"he enviado un correo a info@actuaria.com.ec y por este medio, para que me ayuden con una cotizacion para un informe actuarial del 2018 no he recibido respuesta me puede ayudar por este medio? 
mi correo es alvaro.aldas@imetel.com.ec somos 63 trabajadores",,Jubilacion Patronal,empresa,NP
buenos dias la semana pasada envié solicitud de cotizacion para unos servicios de calculo por jubilaciòn aún no me ha llegado nada será posible que me envíen ??,,Jubilacion Patronal,empresa,NP
buenas tardes como se calcula el desahucio cuando renuncio me podria dar la formula,,Renuncia/Despido/Desahucio,persona,0
Buen dia necesito una cotizacion sobre un estudio actuarial para una empresa,,Jubilacion Patronal,empresa,0
Hola buenos dias,,Greeting,,
buenos dias me pueden ayudar calculando el valor a pagar de un empleado que se le realice un despido intempestivo,,Renuncia/Despido/Desahucio,persona,0
"Buenas tardes 
Me puede ayudar por favor con la cotización para un estudio actuarial del año en curso 
agradezco su gentil colaboración ",,Jubilacion Patronal,empresa,NP
"Una consulta, cual es la diferencia entre cálculo actuarial para Pymes y para NIIF completas",,Jubilacion Patronal,empresa,NP
acabo de enviar mi hoja de vida para ver si puedo formar parte de su equipo,,job seeker,,
Gracias requiero el valor de una acta de finiquito por favor,,Renuncia/Despido/Desahucio,persona,0
"buen tardes, tal vez realizan revalorizacion de bienes muebles",,Otros servicios,,
"queria hacer una pregunta: existe alguna disposicion de la super de la aplicacion de una tasa de descuento especifica? 
3% o 7% o cualquiera de las tasas son aceptadas en ecuador?",,Jubilacion Patronal,empresa,0
"Daniela, por favor ayudeme, estoy pidiendo asistencia para calculo de jubilaciones de OG DISTRIBUCIONES 
Pero al mail que envie no me ha llegado nada",,Jubilacion Patronal,empresa,NP
buenas tardes...  quiero saber si prestan servicios en la ciudad de Guayaquil,,Contacto,,
"Buenas tardes, hace unos meses solicite una cotización, por favor comuníquese conmigo para hablar del tema por favor 0997099659",,Contacto,,
buenas tardes quisiera saber un poco mas sobre las capacitaciones de gestion humana,,Charlas/Capacitaciones,empresa,0
Buenos dias podría informarme si hay alguna especialidad q ustedes otorguen para tener conocimientos de actuaría. Y poder desempeñarme en un cargo. Son ingeniera financiera. ,,Charlas/Capacitaciones,persona,0
me gustaria saber si estan necesitando personal,,job seeker,,
Quiero poner una queja por el mal servicio que dan,,Queja,,NP
Que productos venden en consultoría?,,Consultoria,empresa,
Cuál es la dirección de Actuaria?,,Contacto,,
Cuánto cuesta una nota técnica?,,Consultoria,empresa,
Muy buen servicio,,Hi Five,,PP
Me parece bueno el servicio que dan,,Hi Five,,PP
Envío mi cv para una oportunidad laboral,,job seeker,,
Cuánto cuesta una Nota Técnica?,,Consultoria,empresa,
"No estoy contenta con los plazos, quisiera presentar una queja",,Queja,,NP
Cuanto cuesta un estudio?,,No Topic,,
Quisiera enviar mi cv para que sea considerado ,,job seeker,,
Felicitaciones srs actuaria por su buen servicio,,Hi Five,,
Sigan asi. Muchas grascias,,Hi Five,,
Actuaria es una mala empresa que no nos ha dado la atencion requerida,,Queja,,NP
Porque no contestan el telefono? Es muy dificil contactarse con ustedes,,Queja,,NP
otro tema,,No Topic,persona,
Donde queda ACTUARIA?,,Contacto,persona,
Qué hace Actuaria?,,Contacto,persona,
"pesimo servicio, estoy esperando el estudio por mas de 22 dias",,Queja,persona,NP
Buenos días disculpe pero podría ayudar con un número de contacto porfavor,,Contacto,,
Mi interés está relacionado con consultas sobre: Desarrollo de Productos de Seguro Diseño y acompañamiento en la aprobación de nuevos productos y planes de seguros,,Consultoria,empresa,
"Buenas tardes, tengo una consulta",,Greeting,,
"hola buenos días, Soy Ruth Jaramillo de Textiles Mar y Sol S.A.",,Greeting,empresa,
Señores de Actuaria buenas tardes,,Greeting,,
Mi madre murió siendo jubilada hay algún cobro al que tengamos derecho dos hijos mayores de edad????,,Jubilacion Patronal,persona,
Mi madre murió siendo jubilada hay algún cobro al que tengamos derecho dos hijos mayores de edad????,,IESS,persona,
"Buenas tardes: Estamos interesados en contratar el servicio para el calculo autuarial, somos 16 empleados y estamos en Guayaquil. Ustedes podrán por favor cotizar?. Mi correo es jdiaz@electrolab.com.ec si necesitan alguna información adicional para hacer el presupuesto.",,Jubilacion Patronal,empresa,
necesito hacer una consulta para poder cuantificar la obligación de beneficios para personal que está próximo a Jubilarse. con quién puedo contactarme?,,Contacto,empresa,
ustedes hacen cálculos de jubilacion patronal verdad? que datos necesitan y cual es el valor del honorario? ,,Jubilacion Patronal,empresa,
"Hola, integrar en un único lanzamiento de encuesta la evaluación 360 y el cuestionario de clima sería aconsejable?",,Consultoria,empresa,
"disculpe  me gustaria hacer una consulta para saber si puedo proceder a buscar ayuda.mi esposa   quedo embarazada   en periodo de carencia,.y la  compañia  solo quiere pagar las consultas  con el medico  a partir  del 5tomes. imponiendo ellos el medico",,Consultoria,persona,
Una consulta me gustaría saber cuanto me tiene que dar de liquidación la empresa azendelog,,Renuncia/Despido/Desahucio,persona,
Buenas tardes requiero por favor el servicio del estudio actuarial,,Jubilacion Patronal,persona,
Necesito Provisión de las reservas IBNR,,Consultoria,,
Necesito Provisión de las reservas  DE Servicios prestados y no reportados,,Consultoria,,
Necesito Provisión de las reservas  DE Riesgos en curso,,Consultoria,,
Necesito Provisión de las reservas  DE Servicios en curso,,Consultoria,,
Necesito Provisión de las reservas  DE Insuficiencia de primas,,Consultoria,,
Necesito Provisión de las reservas  DE Servicios pendientes avisados,,Consultoria,,
Necesito Provisión de las reservas  DE Desviación de siniestralidad,,Consultoria,,
Necesito Provisión de las reservas  DE Metodologías alternas de cálculo para IBNR,,Consultoria,,
Necesito Provisión de las reservas  DE Siniestros pendientes avisados,,Consultoria,,
Necesito Provisión de las reservas  DE Reservas Matemáticas,,Consultoria,,
Necesito Provisión de las reservas  DE Reservas Matemáticas,,Consultoria,,
Necesito el cálculo de tarifas de riesgo y comerciales en los diferentes productos de seguro ,,Consultoria,,
Necesito el cálculo de tarifas de riesgo y comerciales en los planes de medicina prepagada,,Consultoria,,
Necesito una Herramienta que permite tarificar de manera eficiente el plan de seguro o medicina prepagada tomando en cuenta los diversos factores que pueden afectar el riesgo,,Consultoria,,
Necesito Asesoría integral de acompañamiento actuarial,,Consultoria,,
Necesito Diseño y acompañamiento en la aprobación de nuevos productos y planes de seguros,,Consultoria,,
Necesito Desarrollo y aplicación de solvencia para compañías aseguradoras por tipos de riesgo,,Consultoria,,
Necesito asesoría en Integración y Depuración de Datos,,Consultoria,,
La hora de la capacitacion mañana por favor,,Charlas/Capacitaciones,,
"bueno días una consulta, en el caso de despido con 23 años de servicio la parte de los decimos también es proporcional.",,Renuncia/Despido/Desahucio,,
Hola una pregunta en que perjudica el acta de finiquito por una liquidación,,Renuncia/Despido/Desahucio,,
PARA CALCULAR EL DESAHUCIO SE DEBE TOMAR EN CUENTA EL VALOR POR HORAS EXTRAS Y LA ALIMENTACIÓN?,,Renuncia/Despido/Desahucio,,
Buenos dias mi nombre es Roberto Valdez de la empresa ACTUARIA CONSULTORES,,Greeting,,
es posible adquirir este beneficio de hipoteca inversa hoy en día en Ecuador?,,Consultoria,,
Necesito servicios de analítica de datos,,Consultoria,,
Necesito ayuda en Integración y Depuración de Datos,,Consultoria,,
Necesito una consultoria de Evaluación de Calidad de Datos,,Consultoria,,
servicios,,No Topic,,
Necesito,,No Topic,,
pregunta,,No Topic,,
Le odio a la empresa ACTUARIA,,Queja,,
Que mal me ha ido trabajando con ustedes,,Queja,,
Ustedes desarrollan Algoritmos de limpieza de Datos?,,Consultoria,,
ACTUARIA da Asesoría en la Gestión de Procesos de Información?,,Consultoria,,
Tienen modelos de Clustering o Segmentación de Datos?,,Consultoria,,
Me pueden ayudar desarrollando Algoritmos de Venta Cruzada?,,Consultoria,,
Quiero desarrollar un modelo de Topic/Sentiment Análisis en Redes Sociales con ayuda de ACTUARIA,,Consultoria,,
Realizan Análisis de Inventarios?,,Consultoria,,
Realizan Análisis de Series de Tiempo?,,Consultoria,,
En que consiste el Bussines Intelligence?,,Consultoria,,
Trabajan en modelos de Machine learning?,,Consultoria,,
Requiero el desarrollo de un Modelo Predictivo,,Consultoria,,
Tienen modelos de Detección de Fraude?,,Consultoria,,
Han trabajado con Modelos de Deserción Cliente en ACTUARIA?,,Consultoria,,
Ustedes desarrollaron este Chatbot Personalizado?,,Consultoria,,
Estan al tanto de lo nuevo en Data Science?,,Consultoria,,
Han trabajado en la NIC 12 – Impuestos Diferidos?,,Jubilacion Patronal,,
En que consiste la Bonificación por Desahucio y Despido Intempestivo?,,Renuncia/Despido/Desahucio,,
Que ocurre en la terminación de la relación laboral?,,Renuncia/Despido/Desahucio,,
Necesito un estudios de balance actuarial para  un fondos que mantienen un sistema de beneficio definido ,,Consultoria,,
Necesito un estudio de balance actuarial para un fondos que mantienen un sistema de reparto. ,,Consultoria,,
Necesito un estudio para una migración a un sistema de cuentas individuales,,Consultoria,,
Trabajan en modelos de scoring?,,Consultoria,,
Detección de fraude y alertas tempranas,,Consultoria,,
"Proyección de beneficios (millas, redención de puntos, entre otros)",,Consultoria,,
Desvinculación Laboral Voluntaria,,Renuncia/Despido/Desahucio,,
Plan de Ahorro y Retiro PAR,,Renuncia/Despido/Desahucio,,
Asesoría en la creación de planes de ahorro y retiro,,Renuncia/Despido/Desahucio,,
Evaluación 360,,Consultoria,,
Mide la percepción de los trabajadores sobre el nivel de liderazgo y de ajuste de competencias al cargo de sus jefes,,Consultoria,,
Clima Laboral,,Consultoria,,
ACTUA R2O,,Consultoria,,
"Diagnóstico de clima laboral, permite medir las sensaciones de bienestar o de eventual malestar que experimentan los colaboradores",,Consultoria,,
"ACTUARIA brinda capacitación en diversas áreas de su especialización, de manera individual y corporativa",,Charlas/Capacitaciones,,
"De los cuatros seguros manejados por la Seguridad Social, no cabe duda
que el Seguro de Invalidez, Vejez y Muerte y el de Salud, agrupa las prestaciones que representan la mayor concentración de recursos en el sistema y el mayor desafío colectivo",,IESS,,
"La Ley de Seguridad Social vigente señala que tendrán derecho a jubilación de vejez, los afiliados que hayan cumplido los requisitos detallados
en la Tabla 2",,IESS,,
"El 18 de noviembre de 2010 mediante Registro Oficial No. 323, se
publicó la reforma a la Ley de Seguridad Social, que en su artículo 5 establece que las pensiones de invalidez, vejez, incapacidad
permanente parcial, incapacidad permanente total e incapacidad
permanente absoluta, de riesgos del trabajo del IESS se incrementarán anualmente a partir del mes de enero de cada año, en base a
un coeficiente de crecimiento",,IESS,,
"El 13 de noviembre de 2015, el Consejo Directivo del IESS, mediante Resolución No. CD 501, estableció una reducción temporal en los aportes al Fondo de Pensiones del 9,74% al 5,86% y
un incremento en el aporte para salud del 5,71% al 9,94%. ",,IESS,,
"A diciembre de 2010, el Seguro de IVM (incluyendo aún el
aporte del Estado del 40%) presentó un déficit actuarial de
US$ 5.142 millones. Considerando que a la fecha de valoración existían 2.067.752 cotizantes, se estimó un déficit per
cápita de US$ 2.486 dólares. Así, en caso de que el IESS mantenga las mismas condiciones de aportación y de pago de beneficios, su patrimonio se descapitalizaría en el largo plazo",,IESS,,
Asesoría  en el tema de seguridad social y la valoración de las prestaciones que ofrece,,IESS,,
"Valoración actuarial de las prestaciones de seguridad social, elaboración de balances actuariales y proyección de flujos",,IESS,,
"El afiliado o afiliada que reúnen los requisitos exigidos por el IESS, tienen derecho a pensiones mensuales vitalicias, la mismas que se pagan a partir del primer día del mes siguiente al que el asegurado (a) cesó en el o los empleos. ",,IESS,,
"Tiene derecho a recibir pensión mensual vitalicia de jubilación por vejez, el afiliado/a  que cumple con los requisitos de cese, edad y tiempo de aportes al IESS, de acuerdo con la siguiente tabla:
",,IESS,,
ACTUARIA da un muy buen servicio,,Hi Five,,
Gracias por su atención y servicio,,Hi Five,,
Son una muy buena empresa,,Hi Five,,
A donde puedo mandar mi CV para trabajar en ACTUARIA,,job seeker,,
Estan contratando?,,job seeker,,
Buenas tarde quisiera saber si el seguro social tambien me tiene q liquidar tambien como me lo esta haciendo el patrono,,Renuncia/Despido/Desahucio,,
Buenos dias disculpe si la renuncia es por desahucio cuanto tenria que recibir si tengo un sueldo de 400 y a la vez me unifican los decimos es decir 450 mas 3 dias de vacaciones ?,,Renuncia/Despido/Desahucio,,
"buen tardes, tal vez realizan revalorizacion de bienes muebles",,Otros servicios,,
Buenas tardes... una consulta... con referente a las provisiones de desahucio el diferido se lo carga al gasto o se lo aplica al impuesto a la renta....,,Renuncia/Despido/Desahucio,,
Buenos días quisiera saber si debo renunciar para poder jubilarme o como se debe hacer,,Renuncia/Despido/Desahucio,,
Buenos días quisiera saber si debo renunciar para poder jubilarme o como se debe hacer,,Jubilacion Patronal,,
"le estamos saludando de la compañia vanon sa, quisiera me ayude con una cotización para el estudio actuarial del año 2018. ",,Jubilacion Patronal,,
"Muy buenas tardes... A nombre de la empresa La Señora de las Llantas ubicada en la ciudad de Guayaquil solicitamos información sobre sus servicios ......los requisitos, el costo, el procedimiento y el tiempo que ustedes llevan para desarrollar el Estudio Actuarial... por favor enviar la información al siguiente correo rarce@lasenoradelasllantas.com .... gracias por su pronta respuesta",,Jubilacion Patronal,,
Me podría ayudar que es desahucio,,Renuncia/Despido/Desahucio,,
Quisiera q me ayude con un ejemplo de desahucio,,Renuncia/Despido/Desahucio,,
"buenas tardes, acabo de enviar un correo a Daniela Sosa para cotizar un calculo actuarial de una sociedad S.A.",,Jubilacion Patronal,,
"quisiera me ayuden con un calculo actuarial 
por favor",,Jubilacion Patronal,,
"Una pregunta 
cuando se paga desahucio? ",,Renuncia/Despido/Desahucio,,
Si uno pone la renuncia uno no puede cobrar cesantia,,Renuncia/Despido/Desahucio,,
"Buenas noches tengo una duda, puedo hacer un estudio actuarial en estos primeros días de dic sin necesidad de esperar que finalice el año?",,Jubilacion Patronal,,
"quisiera saber si yo tengo el sindrome del tunel del carpo en mi mano y brazo es considerada enfermedad laboral 
y en caso de que me quisieran realizar un despido intempestivo la empresa donde laboro que debo hacer si aun estoy en rehabilitacion y al parecer requiero de una operacion",,Renuncia/Despido/Desahucio,,
Buen dia porfavor necesito descargar mi acta de finiquito,,Renuncia/Despido/Desahucio,,
"Muy buenos dias 
por favor me podria ayudar con un numero de contacto para consultar el ingreso de informacion para el calculo actuarial 
2018",,Jubilacion Patronal,,
buenas tardes...  quiero saber si prestan servicios en la ciudad de Guayaquil,,Contacto,,
"Buenos dias 
Nesecito el calculo de renuncia por desaucio de mi trabajo 6 años 
Por favor",,Renuncia/Despido/Desahucio,,
"la empresa requiere el estudio individual de jubilación patronal de un colaborador 
que es gerente",,Jubilacion Patronal,,
"una consulta, de acuerdo a las posibles soluciones planteadas en que periodo la autoridad competente del IESS, establecerá las medidas que va a tomar 
hay la posibilidad que me ayude solventando esa inquietud 
gracias de antemano",,IESS,,
la raiz sesentava,,IESS,,
Necesito q me ayudes con algo por favor.,,No Topic,,
Tengo un caso trabajo para la empresa ajecuador desde mayo 2015,,No Topic,,
Tengo un caso llevo trabajando para una empresa multinacional se llama ajecuador entre en mayo 2015 y pasa que desde el 18 de octubre me mandaron de vacaciones por 30 días....regresaba el 18 de noviembre pero a lo que regresó me mandan nuevamente por 15 días más y regreso ahora el 3 diciembre ahora se de buena fuente que a lo que me reintegro me van a sacar de la empresa.... que opciones tengo,,Renuncia/Despido/Desahucio,,
"Buenos días, queria cotizar un Estudio actuarial por primera vez para el cierre de este 2018. Que información requieren para poder hacerme una cotizacion.",,Jubilacion Patronal,,
"Buenas tardes Daniela, por favor ayudeme debo aplicar el desahucio por terminación laboral de empleada domestica que trabajo 10 meses",,Renuncia/Despido/Desahucio,,
Consulta cuanto me costaria un asesoramiento por un tramite en el iess como persona natural,,Renuncia/Despido/Desahucio,,
Buenas tardes me podrian ayudar con una inquietud en el cálculo del estudio actuarial los jubilados son considerados para el cálculo de actuaria ?,,Jubilacion Patronal,,
"HOLA 
BUEN DIA UNA CONSULTA",,Greeting,,
Buenos días,,Greeting,,
Como esta,,Greeting,,
"buenas tardes, queria hacer una xconsulta",,Greeting,,
"BUENAS TARDES 
LE SALUDA MAYRA DE LA EMPRESA MEGA PRIMAVERA ",,Greeting,,
Hola buenos días como calcular un finiquito,,Renuncia/Despido/Desahucio,,
Estudios de factibilidad financiera para garantizar la sostenibilidad empresarial en el largo plazo.,,Otros servicios,,
"Viabilidad de proyectos de ampliación, contracción o venta",,Otros servicios,,
Valoración de flujos para determinar la tasa interno de retorno y el valor presente neto de las inversiones o proyectos de las empresas.,,Otros servicios,,
"Valoración de empresas para obtener el valor esperado del negocio, según la metodología escogida.",,Otros servicios,,
"Riesgo financiero: crediticio, de inversión, interno y externo",,Otros servicios,,
Valoración de proyectos de inversión,,Otros servicios,,
Diseño e implementación de sistemas presupuestarios para el control de márgenes de utilidad de empresas o proyectos. ,,Otros servicios,,
Sistemas Presupuestarios,,Otros servicios,,
Tableros de Control,,Otros servicios,,
"Herramienta de indicadores para la toma decisiones gerenciales en cuanto a cartera, ventas, gastos, rentabilidad, productividad, entre otros.",,Otros servicios,,
"Análisis vertical y horizontal de estados de resultados, así como la estimación de indicadores financieros.",,Otros servicios,,
Evaluación de Estado de Resultados e Indicadores,,Otros servicios,,
Nuestros programas atienden necesidades básicas de capacitación en la empresa.,,Charlas/Capacitaciones,,
"Si eres trabajador de una empresa. Busca, compara y propone a tu empleador la mejor capacitación. ",,Charlas/Capacitaciones,,
Liquidación por desahucio por 7 años,,Renuncia/Despido/Desahucio,,
Cursos para el área de Capacitación y Formación,,Charlas/Capacitaciones,,
Buenas tardes favor solicito la confirmación de unas personas a la Charla de Estudio Actuarial: Interpretación de los Beneficios de Jubilación Patronal e Indemnizaciones Laborales y su tratamiento tributario.,,Charlas/Capacitaciones,,
"Hola buenas tardes, tengo 20 años trabajando en una empresa privada, se ellos me votan. Cuanto recibiré? Por el despido",,Renuncia/Despido/Desahucio,,
arturocordova 17,,No Topic,,
"buenas tardes, cual es el valor de sus servicios para el calculo de liquidacion por renuncia voluntaria y de jubilacin patronal para una empleada domestica que ha servido 26 años?",,Jubilacion Patronal,,
"buenas tardes, cual es el valor de sus servicios para el calculo de liquidacion por renuncia voluntaria y de jubilacin patronal para una empleada domestica que ha servido 26 años?",,Renuncia/Despido/Desahucio,,
buenas tardes,,Greeting,,
"buena tarde, donde se pueden localizar, están en Mexico",,Contacto,,
Cómo calculo mi desahucios de 5 años,,Renuncia/Despido/Desahucio,,
Buenas tardes yo renuncie a mi trabajo y queria saber en que tiempo me tienen que dar la liquidación y cual es el valor de la misma gracias,,Renuncia/Despido/Desahucio,,
Si una persona abandona el trabajo tiene derecho a desahucio?,,Renuncia/Despido/Desahucio,,
es en quito,,No Topic,,
Buenos dias disculpa una pregunta cuando se puede hacer un desaucio?,,Renuncia/Despido/Desahucio,,
Es lo mismo el desahucio que el despido intempestivo?,,Renuncia/Despido/Desahucio,,
buen día por favor me podrían ayudar con información o contactos para su ayuda ,,Contacto,,
Su servicio está muy bien calidad/precio.,,Hi Five,,
"El peor servicio ... Nos robaron dinero , cuando les mostramos que estaban equivocados, pero no nos pidieron disculpas ni reembolso nosotros ...
Todos los consejos que nos dieron  estaban mal ... ",,Queja,,
"Muy mal servicio, totalmente decepcionados, cambien",,Queja,,
"Requeri servicios de ACTUARIA y tuvimos que lidiar con gent desagradable, personal con conocimiento muy bajo y altas demoaras",,Queja,,
un servicio horrible,,Queja,,
"el servicio eS terrible, comunicarse con ustedes fue imposible y su precio es muy caro",,Queja,,
Espantoso el servicio del personal,,Queja,,
Pésimo trato del personal,,Queja,,
Me siento engañado. No recomiendo esta empresa,,Queja,,
Muy buena empresa gracias por su servicio,,Hi Five,,
"Muchas gracias por su ayuda, sigan asi!",,Hi Five,,
Dan el servicio de Capacitaciones presenciales? ,,Charlas/Capacitaciones,,
Tienen charlas para nuestro personal?,,Charlas/Capacitaciones,,
"Estan buscando perfiles, donde puedo enviar mi cv?",,job seeker,,
Puedo enviar mi curriculum vitae?,,job seeker,,
HOLA BUEN DIA,,Greeting,,
"Buenos dias, me podria ayudar con el Ruc de su empresa ;ya que ustedes me enviaron una propuesta pero no aparece el Ruc",,Facturacion/Retencion/Cobros,,
hola buenas tardes,,Greeting,,
HOLA POR FAVOR ME PUEDEN AYUDAR CON LOS NUMERO TELEFÓNICOS DE GUAYAQUIL.,,Contacto,,
"Buenos días, me pueden dar por favor los números de teléfono de las oficinas en Guayaquil",,Contacto,,
buenos días estimada,,Greeting,,
"nose si puedo hacer una consulta por este medio, el tema es que llevo 19 años de servicio con el mismo patrón pero aquí no les permiten llegar a los 20 años por temas de jubilación patronal me gustaría que me asesoren cuanto me tocaría recibir    porque es seguro que me botan",,Jubilacion Patronal,,
"buenos dias 
por favor e pueden asesora si una persona que tiene 20 años de aportacion puede acogerse a la jubilacion patronal 
fue despedido intempestiva",,Jubilacion Patronal,,
quisiera me ayude con el calculo de pensión jubilar,,Jubilacion Patronal,,
"buenas tardes mañana a la empresa trinity en cuenca, necesito una cotizacion sobre el estudio ACTUARIAL
ATT MARCIA FLORES 0993352766",,Jubilacion Patronal,,
Buenos días,,Greeting,,
"buenos días voy a renunciar a mi trabajo que es mas conveniente renunciar en el ministerio o aqui mismo
como debo saber cual va a ser mi liquidacion",,Renuncia/Despido/Desahucio,,
Buenas tardes,,Greeting,,
Hola. Las cuentas por pagar patronales pueden ser pagadas hasta una fecha limite?,,Jubilacion Patronal,,
Hola,,Greeting,,
"Por favor me informa si un pensionado que vive en el exterior y muere allá, tiene derecho a gastos funerarios?",,IESS,,
"es conveniente el cálculo actuarial desde los inicios de la actividad de la empresa, o se lo debe hacer después de que tiempo?.
es para todos los trabajadores o es necesario un número de años de servicios para el respectivo cálculo?",,Jubilacion Patronal,,
"buenos días, disculpe respecto al seguro de invalidez, cual es el tramite para que le declaren invalido, le comento mi caso hay  señora que es sordo mudo y siempre esta enferma tiene problemas psicológicos y siempre falta y esta enferma siempre por otras causas. la puede declarar el IESS con invalidez?",,IESS,,
buenas tardes quisiera saber un poco mas sobre las capacitaciones de gestion humana,,Charlas/Capacitaciones,,
Muy buenas tarde un gusto saludarle quisiera información de costos sobre un cálculo global de jubilación patronal tal vez me puedan ayudar por este medio ? Gracias,,Jubilacion Patronal,,
una pregunta,,No Topic,,
"En el IESS me dicen que llegue a las 180 imposiciones para obtener mas beneficio de pension
Que me recomienda?",,IESS,,
Hola buenos días como calcular un finiqyito,,Renuncia/Despido/Desahucio,,
"Buenos días, mi nombre es Andrea Paredes de la corporación Ensab, no se si ustedes me puedan ayudar con una cotización para la realización del estudio actuarial de la empresa",,Jubilacion Patronal,,
buen dìa,,Greeting,,
"quiero realizaPROVEEDOR DE TECNOLOGIA S A
quiero hacer el càlculo actuarial en linea
supe que ya es posible
hay que bajar alguna plataforma",,Jubilacion Patronal,,
"Buenos dias por favor me puede indicar un correo
para que me ayuden con la cotizacion de un estudio actuarial _",,Jubilacion Patronal,,
"Una pregunta
cuando se paga desahucio?",,Renuncia/Despido/Desahucio,,
Señor actuario mi nombre es Jorge Noboa ; necesito saber lo siguiente he venido aportando la cantidad de usd 100 y desde mediados de este año vengo aportando usd300 y está cantidad Dios mediante quiero seguir aportando hasta diciembre del 2019 que cumplo los 65 años de edad; creo que hasta ese tiempo cumplo 24 o 25 años de aportaciones.Pregunta con  la cantidad que aportó mejóraré en algo mi jubilación y cuanto aproximadamente me darían l,,IESS,,
"Buenos dias
Quisiera q me ayude con un ejemplo de desahucio
X favor",,Renuncia/Despido/Desahucio,,
Me podría ayudar que es desahucio,,Renuncia/Despido/Desahucio,,
"Muy buenas tardes... A nombre de la empresa La Señora de las Llantas ubicada en la ciudad de Guayaquil solicitamos información sobre sus servicios ......los requisitos, el costo, el procedimiento y el tiempo que ustedes llevan para desarrollar el Estudio Actuarial... por favor enviar la información al siguiente correo rarce@lasenoradelasllantas.com .... gracias por su pronta respuesta.",,Jubilacion Patronal,,
Hola estimada buen dia,,Greeting,,
le saluda Mayra Allo de la compañia Vanon sa con Ruc 0992278315001,,Greeting,,
Buenos dias,,Greeting,,
Buenos días quisiera saber si debo renunciar para poder jubilarme o como se debe hacer,,Jubilacion Patronal,,
carro,,No Topic,,
perro,,No Topic,,
casa carro,,No Topic,,
estilo,,No Topic,,
persona,,No Topic,,
si,,No Topic,,
Buenas tardes... una consulta... con referente a las provisiones de desahucio el diferido se lo carga al gasto o se lo aplica al impuesto a la renta....,,Renuncia/Despido/Desahucio,,
"buenos días una consulta la jubilacion patronal que porcentaje paga el empleador
o todo paga el empleador",,Jubilacion Patronal,,
Buenos dias disculpe si la renuncia es por desahucio cuanto tenria que recibir si tengo un sueldo de 400 y a la vez me unifican los decimos es decir 450 mas 3 dias de vacaciones ?,,Renuncia/Despido/Desahucio,,
Buenas tarde quisiera saber si el seguro social tambien me tiene q liquidar tambien como me lo esta haciendo el patrono,,Renuncia/Despido/Desahucio,,
buen dia soy diego perez mi pregunta es si el contrato es por obra al final tengo q pagar el desahucio,,Renuncia/Despido/Desahucio,,
buenas tardes fr. una consulta,,Greeting,,
Hola mi nombre es Miguel Fernando Salvatierra Muñoz,,Greeting,,
Tengo 64 años y el IESS me jubilo por enfermedad catastrófico el 2007,,IESS,,
"Hola Buenos Dias
Su ayuda con requisitos y precio para realizar el estudio",,Jubilacion Patronal,,
Estoy bien,,Hi Five,,
"Buenas tardes
Disculpe
Quería realizar una consulta
Sobre un cálculo de una acta de finiquito",,Renuncia/Despido/Desahucio,,
Gracias requiero el valor de una acta de finiquito por favor,,Renuncia/Despido/Desahucio,,
"Saludos, deseo saber cual seria el coto de un estudio actuarial",,Jubilacion Patronal,,
Una preguntita por favor,,No Topic,,
"Estimados Actuaria buenas tardes
su ayuda por favor",,Greeting,,
"La provision pàra juvilacion patronal y desaucio, todo se va Impuestos Diferidos o solo de quienes tienen menos de 25 años de trabajo ?",,Jubilacion Patronal,,
"La provision pàra juvilacion patronal y desaucio, todo se va Impuestos Diferidos o solo de quienes tienen menos de 25 años de trabajo ?",,Renuncia/Despido/Desahucio,,
buenos tardes,,Greeting,,
"acabo de enviar mi CV curriculum
para ver si puedo formar parte de su equipo",,job seeker,,
Quisiera saber si estan buscando personal,,job seeker,,
Quisiera saber si estan contratando,,job seeker,,
"buen dia estimada el dia de hoy estan laborando
le saludo de la compañia Grifine",,Greeting,,
buenos días,,Greeting,,
"Buenos días
quisiera hacer una consulta
soy Jorge Luis",,Greeting,,
"Quisiera saber si mi mamá ya puede Jubilarse en la empresa donde trabaja, y cómo es el tema de la jubilacion en el IESS y cuáles son las bases legales vigentes.
mi mamá trabaja en una empresa privada
ya lleva trabajando 27 años",,IESS,,
buenos dias me pueden ayudar calculando el valor a pagar de un empleado que se le realice un despido intempestivo,,Renuncia/Despido/Desahucio,,
hola quiero saber si ustedes pueden ayudarme a hacer todo el trámite para la obtención de mi jubilación patronal.  Crees que es conveniente pedirla a mi empleador o esperar al despido.  Si ustedes no hacen este trámite tienes alguna persona que me recomiendes,,Jubilacion Patronal,,
BUENOS DIAS,,Greeting,,
"Disculpen
mi Nombre es Miguel Barrera
yo hacia antes los estudios actuariales con uds",,Jubilacion Patronal,,
sera que me pueden ayudar con eso,,No Topic,,
"Buenos días, necesito información sobre un estudio actuarial para empleados",,Jubilacion Patronal,,
quiero hacer el calculo por deshaucio,,Renuncia/Despido/Desahucio,,
Hola buenos dias,,Greeting,,
"buenas tardes
como se calcula el desahucio cuando renuncio
me podria dar la formula",,Renuncia/Despido/Desahucio,,
Buenos dias estimados,,Greeting,,
"yo estoy en una edad cercana a mi jubilacion. Me gustaria que ustedes me den una asesoria en cuanto a lo que me conviene para dicha etapa.
es posible que pueda acercarme a su sitio de asesoria para poder conversar mejor?",,Jubilacion Patronal,,
"Hola soy trabajador de una compañia ppr mas de 25 años, me acaban de liquidar,  mi pregunta es, cuanto tengo que recibir por jubilación patronal,???, este valor 3s un monto fijo total o es mensualmente ???",,Jubilacion Patronal,,
nos gustaria obtener una proforma acerca de los servicios de calculo por jubilación,,Jubilacion Patronal,,
nos podría ayudar por favor,,No Topic,,
"he enviado un correo a info@actuaria.com.ec y por este medio, para que me ayuden con una cotizacion para un informe actuarial del 2018
no he recibido respuesta
me puede ayudar por este medio?
mi correo es alvaro.aldas@imetel.com.ec
somos 63 trabajadores",,Jubilacion Patronal,,
"disculpe a mi me llamaron
de este numero
2959505",,No Topic,,
"Buenas tardes
hace unos dias solicite la cotizacion de un estudio actuarial para mi compañia pero hasta ahora no he recibido nada y me interesa poder tenerlo dentro de este mes
estoy ubicada en la ciudad de Guayaquil",,Jubilacion Patronal,,
me puede ayudar con  un  numero para contactarme,,Contacto,,
Buenas tardes me ayudan con su correo electronico. Po favor,,Contacto,,
NO ME RESPONDEN EL TELEFONO EN ACTUARIA...TALVEZ HAY OTRO NUMERO AL QUE PUEDO LLAMAR?,,Contacto,,
Hola mi nombre es Miguel Fernando Salvatierra Muñoz.,,Greeting,,
Tengo 65 años trabaje 29 años en PETROINDUSTRIAL Y al inicio el 2007 me jubile en un fondo paritario de la empresa y los trabajadores con una pension de junilacion patronal de 750 dolar mensual. Pero el 2008 dejaron de pagarme y empesaron a pagarme de un fondo de solaridad 350 mensual violando todos mis derecho yo tenia  al momento de jubilarme un salario de 3200,,IESS,,
Vivo en chile soy jubilado por el iess desde el 2007 por enfermedad catastrofica y mi pension del iess es de 1350 creo que mis derecho fueron bulnerados. Mi correo es miguelfernando_5@hotmail.com  mi telefono es 56997789884,,IESS,,
"Muy buenos días. mi nombre Zamaris Jaén, mi correo personal zamarisjaen@gmail.com",,Greeting,,
"Mi interés está relacionado con consultas sobre: Desarrollo de Productos de Seguro

Diseño y acompañamiento en la aprobación de nuevos productos y planes de seguros",,Consultoria,,
buenos dias,,Greeting,,
saluda alberto,,Greeting,,
Deseo hacer una consulta si me lo permite,,No Topic,,
"Tengo 65 años, mas de 360 aportaciones al iess, quiero renunciar a 2 empresas que trabajo, la una mas de 40 años y la otra mas de 37 años ininterrumpidamente, cual es el paso a seguir despues de presentar las renuncias para acoger mi jubilacion patronal y del iess?, gracias.",,IESS,,
"Tengo 65 años, mas de 360 aportaciones al iess, quiero renunciar a 2 empresas que trabajo, la una mas de 40 años y la otra mas de 37 años ininterrumpidamente, cual es el paso a seguir despues de presentar las renuncias para acoger mi jubilacion patronal y del iess?, gracias.",,Jubilacion Patronal,,
"Que tal deseo saber si estando afiliado ya en una compañia, me puedo afiliar voluntariamente para jubilarse mas rapido?",,IESS,,
Buenos días una consulta mi contrato que tenia era por losep y ya me despidieron a los 3 años cumplido hasta me mandaron de vacasiones para no pagarlas  en ese tiempo cuanto es o cuanto seria lo q me toca,,Renuncia/Despido/Desahucio,,
Deseo el cálculo por desausio,,Renuncia/Despido/Desahucio,,
"Buenos días.
Cuando un contrato es indefinido pero ya he trabajado 25 años para la empresa y quiero sacar la jubilación por vejez ¿cómo debo finiquitar el contrato?",,Jubilacion Patronal,,
Hola buenos dias lo q pasa esq necesiti ayuda,,Greeting,,
Vuenas tardes que es un desaucio  ho liquidacion gracias,,Renuncia/Despido/Desahucio,,
hola como esta buen dia cuando me puedo jubilar me puede ayudar,,IESS,,
Buenas noches,,Greeting,,
Tengo discapacidad fisica de 44 por ciento en julio del 2020 tendre mis 60 aportaciones de un salario basico modificado.  Cual sera la pension que recibire por jubilacion por invalidez?,,IESS,,
buenos dias queria realizar una consulta.,,Greeting,,
Que pasaría si una persona tiene menos de 60 aportaciones para jubilarse,,IESS,,
Hola quisiera saber el valor correspondiente de 1 año 6 meses de trabajo y el tiempo de dar la liquidacion,,Renuncia/Despido/Desahucio,,
"Hola
puedo hacer una consulta?",,Greeting,,
hola buenos dias mi papa fallecio ya era jubilado el pertenecia al magisterio pero compañeros de el comentaban que firmaron un documento donde si fallecieran les hacian una liquidacion en sesantia no estoy claro si me pueden ayudar respondiendome.,,Renuncia/Despido/Desahucio,,
Buenas tardes mi pregunta es las viudas reciben solo el montepío o también los decimos gracias,,IESS,,
Buenas noches yo trabajo 30 años en una empresa si renunció  voluntariamente  pierdo  el derecho a la jubilación  patrocinado al,,Jubilacion Patronal,,
Buenas noches yo trabajo 30 años en una empresa si renunció  voluntariamente  pierdo  el derecho a la jubilación  patrocinado al,,Renuncia/Despido/Desahucio,,
Hola,,Greeting,,
disculpe cunto me cuesta un estudio actuaría para el 2019,,Jubilacion Patronal,,
Hola como puedo elaborar mi desahucio,,Renuncia/Despido/Desahucio,,
"Saludos buen día
Cuales son los derechos de la viuda....",,IESS,,
Reciban un cordial saludo de parte mía,,Greeting,,
Una consulta me gustaría saber cuanto me tiene que dar de liquidación la empresa azendelog,,Renuncia/Despido/Desahucio,,
"bueno días una consulta, en el caso de despido con 23 años de servicio la parte de los decimos también es proporcional.",,Renuncia/Despido/Desahucio,,
Hola buenos días me podrían dar información sobre el la renuncia x desahucio,,Renuncia/Despido/Desahucio,,
ayuda,,No Topic,,
gracias,,Hi Five,,
"Hola, me llamo Isabel Jijon, quería saber si hay opciones de trabajo en ACTUARIA consultores?",,job seeker,,
Hay posiciones abiertas en ACTUARIA?,,job seeker,,
Puedo enviar mi cv para ser considerado para un trabajo?,,job seeker,,
quiero trabajar en ACTUARIA?,,job seeker,,
PARA CALCULAR EL DESAHUCIO SE DEBE TOMAR EN CUENTA EL VALOR POR HORAS EXTRAS Y LA ALIMENTACIÓN?,,Renuncia/Despido/Desahucio,,
"ASOCIACION CFE-PYPSA-CVA-ICA
Solicito una cotizacion para estudio actuarial 2017",,Jubilacion Patronal,,
"Buenas tardes, como hago para hacer llegar mi CV y formar parte de esta gran institución?",,job seeker,,
hola me puedes ayudar con informacion sobre capacitaciones en Sguros,,Charlas/Capacitaciones,,
"Por favor necesito saber todo sobre las capacitaciones sobre seguros
temarios
horarios, direccion y costos
me ayudan con esa información por favor mi correo es veronica.jacome@metricbank.com",,Charlas/Capacitaciones,,
en su pagina indica áreas de Capacitación y dice Seguros a que se refiere?,,Charlas/Capacitaciones,,
"Buenas tardes, hace 2 días no llego mi periodo, me hice una prueba de farmacia que dio positivo. Me quedé sin empleo en Enero de este año. Todavía habrá la posibilidad de contratar un seguro privado que me cubra el parto",,Consultoria,,
Buen dia,,Greeting,,
Por favor me ayuda con informacion de las capacitaciones de seguros?,,Charlas/Capacitaciones,,
me puede ayudar?,,No Topic,,
"empezamos a contratar trabajadores desde el 2017
necesito saber si estoy obligado a realizar el estudio actuarial",,Jubilacion Patronal,,
uNA CONSULTA TENER EL ESTIDIO SE CONIDERA UNA POLITICA CONTABLE BAJO NIFF,,Jubilacion Patronal,,
"Buenas tardes mi estimada Daniela, quisiera saber si una pyme esta obligada a calcular la provision de jubilacion patronal y desahucio",,Jubilacion Patronal,,
"Buenas tardes mi estimada Daniela, quisiera saber si una pyme esta obligada a calcular la provision de jubilacion patronal y desahucio",,Renuncia/Despido/Desahucio,,
me puedes ayudar con que entidades de pension salud  tienen en ecuadro,,Consultoria,,
Por favor necesito su ayuda:,,No Topic,,
Hola quisiera saber si cuales son las fechas de capacitaciones de talento humano y laboral,,Charlas/Capacitaciones,,
A partir de cuántas personas dictan las capacitaciones ?,,Charlas/Capacitaciones,,
Ok gracias! Dan Asesoría en Guayaquil y Quito? En dónde están ubicados en GYE?,,Contacto,,
hola muy buen dia... quisiera me ayuden con informacion ya que estoy buscando un curso de capacitacion,,Charlas/Capacitaciones,,
TENGO UNA CONSULTA,,No Topic,,
Tengo una consulta sobre jubilación patronal,,Jubilacion Patronal,,
Tengo una consulta sobre recursos humanos,,Consultoria,,
Buenas Tardes me podría explicar sobre el Art. 24 de la RESOL. C.D. 100 DE 2006-02-21,,Greeting,,
Ola...mi pregunta es si mi mamá está enferma puedo yo reclamarle su liquidación y presentarle su renuncia,,Renuncia/Despido/Desahucio,,
Hola qué tal ,,Greeting,,
"Buenas tardes 
Me podria ayudar con un correo electronico para enviar mi hoja de vida",,job seeker,,
"acabo de enviar mi hoja de vida 
para ver si puedo formar parte de su equipo",,job seeker,,
"hola buenas tardes. podria indicarme sobre el curso de gestion financiera. gracias 
costo, horario",,Otros servicios,,
Quisiera saber si puedo acceder a capacitación sobre la Nic 19 y Gestión Financiera ,,Charlas/Capacitaciones,,
quisiera saber su ustedes dan asesoria financiera a pymes?,,Otros servicios,,
"buenas tardes, disculpe Actuaria realiza jornadas de seminarios o cursos dirigidos a profesionales o al publico en general ??",,Charlas/Capacitaciones,,
excelente gestión,,Hi Five,,
"excelente 
gracias me despido ",,Hi Five,,
"buenos días 
necesito información",,Greeting,,
Buenos dias tengo dudas en cuanto a los servicios que brindan en su pagina web. agradezco si me pueden llamar,,Contacto,,
Buenos dias tengo dudas en cuanto a los servicios que brindan en su pagina web.  En asesoría financiera,,Otros servicios,,
Andres,,No Topic,,
"Tenemos una Empresa Pequeña 
necesitamos asesoria Financiera, contable, tributaria, 
Ustedes pueden Ayudarnos con eso",,Otros servicios,,
"Excelente, Gracias",,Hi Five,,
Excelente apoyo,,Hi Five,,
Le felicito su pagina es excelente.,,Hi Five,,
Le felicito su pagina es muy buena.,,Hi Five,,
Excelente tarde,,Hi Five,,
"Muy buenas tardes... Excelente página .. Consulto cumplo 60 años el 4 de octubre de este año y 430 aportaciones, trabaje hasta el 15 de este mes... Cuando me puedo jubilar .",,Jubilacion Patronal,,
"Le felicito su pagina es excelente.Cumplo 65 años en Marzo 2019, tengo 182 aportaciones al IESS y mis 5 mejores años gane $1000 mensuales; cuanto seria el monto de mi juibilacion 
me llamo Magadalena",,IESS,,
muchas gracias,,Hi Five,,
muchas gracias por su ayuda,,Hi Five,,
bueno muchas gracias,,Hi Five,,
"Ok, muchas gracias, ",,Hi Five,,
Muchas gracias por la atención,,Hi Five,,
gracias por la aclaración,,Hi Five,,
gracais,,No Topic,,
Realizan consultorias en temas financieros,,Otros servicios,,
Son peritos evaluadores?,,Otros servicios,,
Realizan avaluos de propiedades,,Otros servicios,,
Realizan modelado matematico?,,Consultoria,,
Trabajan con modelos predictivos?,,Consultoria,,
Aplican redes neuronales con machine learning?,,Consultoria,,
"Me quiero quejar, es el colmo su servicio",,Queja,,
"Que mal trabajo hacen ustedes, muy malo",,Queja,,
"Necesito q me ayude indicando si uds realizan analisis y diagnostico de la estructura organizacional, evaluar nuestro organigrama y como estamos gestionandolo para ver si estamos bien o lsi hay manera de ser mas eficiente o mejorsr procesos",,Otros servicios,,
ACTUARIA es la peor empresa con la que he trabajado. Siempre dan un pesimo servicio,,Queja,,
me trataron pesimo jose repetto me grito y se demoro 5 horas en darme una reserva,,Queja,,
En que consiste su producto de evaluacion 360?,,Consultoria,,
Necesito informacion sobre su producto ACTUA R2O,,Consultoria,,
Podria explicarme en que consiste la evaluacion 360?,,Consultoria,,
Su producto de Clima Laboral R2O mide tambien temas de lugar de trabajo?,,Consultoria,,
Necesito ayuda,,No Topic,,
Necesito informacion sobre su producto de asesoria financiera,,Otros servicios,,
Me pueden ayudar con informacion de su producto para revalorizar bienes inmuebles?,,Otros servicios,,
Tienen informacion sobre su producto de factibilidad financiera,,Otros servicios,,
Han trabajado en viabilidad de proyectos?,,Otros servicios,,
"valoracion de flujos futuros, valor presente neto",,Otros servicios,,
valoracion de empresas,,Otros servicios,,
Riesgo financiero,,Otros servicios,,
valoracion de proyectos,,Otros servicios,,
sistemas presupuestarios,,Otros servicios,,
tableros de control,,Otros servicios,,
herramienta de indicadores,,Otros servicios,,
"analisis vertical de estado de resultados, indicadores financieros",,Otros servicios,,
estado de resultados,,Otros servicios,,
gestion financiera,,Otros servicios,,
Dan consultorias en asesoria financiera?,,Otros servicios,,
asesoria financiera,,Otros servicios,,
"asesoria financiera, tributaria contable",,Otros servicios,,
consultoria financiera,,Otros servicios,,
peritos evaluadores,,Otros servicios,,
avaluo de propiedades,,Otros servicios,,
estructura organizacional,,Otros servicios,,
Ustedes estan trabajando en mi nota tecnica de medicina prepagada,,Consultoria,,
cuanto cuesta un estudio de medicina prepagada?,,Consultoria,,
cuanto es la inflacion medica para medicina prepagada? ,,Consultoria,,
cuanto tiempo se demoran en una nota tecnica de medicina prepagada?,,Consultoria,,
necesito servicios de capacitacion para obtener conocimientos en ciencias actuariales,,Charlas/Capacitaciones,,
necesito servicios de capacitacion en temas financieros ,,Charlas/Capacitaciones,,
cual es el correo electronico de actuaria?,,Contacto,,
necesito el correo electronico de actuaria,,Contacto,,
saludos cordiales,,Greeting,,
un saludo ,,Greeting,,
saludos ,,Greeting,,
saluda alberto,,Greeting,,
Deseo hacer una consulta si me lo permite,,No Topic,,
NO ES PARA LO DEL IESS,,IESS,,
"DESPEJEME UNA DUDA 
MI NOMBRE ES JOE HIDALGO ",,No Topic,,
"Buenos días,

 Me gustaría que me informaran cómo, siendo portugués, estando actualmente en Portugal y después de haber trabajado y hecho descuentos para el IESS durante 17 años en el Ecuador, cuando llegue a los 65 años de edad, puedo, bajo el convenio de la “organización iberoamericana de seguridad social” (OISS), a la que el Ecuador y Portugal pertenecen, hacer la solicitud de jubilación por vejez por los años trabajados en el Ecuador.
 
 Sin motivo para más agradezco la atención dispensada a esta mi petición,",,IESS,,
"POR FAVOR DRA. DANIELA, SOY DOCENTE CON 30 AÑOS DE SERVICIO Y 360 IMPOSICIONES ESTOY EN PROCESO DE JUBILACION POR INVALIDEZ Y MI INQUIETUD ES LA SIGUIENTE: SI RECIBIRE EL BONO DEL ESTADO ECUATORIANO Y CUANTO SERA EL MONTO APROXIMADO, DEL IESS NO SE QUE TENGO QUE CUMPLIR 60 DE EDAD Y 30 AÑOS DE SERVICIO PARA QUE ME DEN LA MENSUALIDAD. MUCHAS GRACIAS POR SU RESPUESTA ",,IESS,,
"Un consulta y tengo 15 años en una misma empresa , y me voy a jubilar por el IESS, tengo derecho a la parte proporcional acumulada en la empresa",,IESS,,
CUAL ES EL SUBSIDIO O AYUDA QUE EL IESS OTORGA A UN EMPLEADO QUE SE ENCUENTRA INCAPACITADO POR ENFERMEDAD NO PROFESIONAL ,,IESS,,
"Muy buenas tardes. Soy beneficiario del ISSFA  con el 40% de invalidez, tengo el carnet del Conadis. Laboro en una empresa pribada y estoy por cumplir las 300 imposiciones en el IESS , mi consulta es si puefo acogerme  a la jubilación especial considerando q soy beneficiario del ISSFA",,IESS,,
"Buenos días, mi consulta es la siguiente, puedo solicitar la jubilación patronal si trabaje para la empresa sin relación de dependencia, yo entrego facturas de servicios profesionales, saludos",,Jubilacion Patronal,,
"estoy llamando a sus numeros en guayaquil 
pero no me responden 
con quien puedo conversar",,Contacto,,
"por favor su ayuda, con un correo electrónico para poderles enviar una retención electrónica. Gracias. ",,Contacto,,
"hola buenas tardes! 
me puede confirmar el correo para envio de facturas electronicas?",,Contacto,,
hOLA BUEN DÍA ME AYUDARÍA CON UN CORREO ELECTRÓNICO PARA GENERA LA RETENCIÓN,,Contacto,,
"hola buenas tardes! 
me puede confirmar el correo para envio de facturas electronicas?",,Contacto,,
favor su ayuda con un correo electronico,,Contacto,,
Estimados muy buenos días aproximadamente hace un mes estuve en un desayuno acerca de la situación del Iess y la afiliación de los representantes legales,,IESS,,
"tenía una duda nos informaron la opcion de crear un fondo de jubilación y de acuerdo a lo que reviso en su pagina web el único que debe administrar este fondo es el Biess 
pero el enfoque fue que se puede realizar un fideicomiso para la administración de los mencionados fondos",,Consultoria,,
Disculpa tengo que pagar una factura quería saber si podremos pagar por medio de transferencia,,Facturacion/Retencion/Cobros,,
"BUENAS TARDES NECESITO REALIZAR UNA TRANSFERENCIA PARA PAGAR UNA FACTURA , AYUDEME CON LOS DATOS POR FAVOR",,Facturacion/Retencion/Cobros,,
"Disculpe me comunico de parte de Fundacion Fabian Jaramillo Davila, mi nombre es Valeria Garcia, le comento que debemos realizar un pago pero deseo confirmar el porcentaje de retención y el codigo el debemos realizar a su factura? me comunique telefonicamente pero no me contestaron. Gracias",,Facturacion/Retencion/Cobros,,
Disculpa tengo que pagar una factura quería saber si podremos pagar por medio de transferencia,,Facturacion/Retencion/Cobros,,
"BUENOS DIAS 
COMO ME PUEDO 
CONTACTAR 
CON EL DEPARTAMENTO DE FACTURACION",,Facturacion/Retencion/Cobros,,
"BUENAS TARDES NECESITO REALIZAR UNA TRANSFERENCIA PARA PAGAR UNA FACTURA , AYUDEME CON LOS DATOS POR FAVOR",,Facturacion/Retencion/Cobros,,
"bueanas tardes, por favor, para obtener el informe/estudio de actuaria desde ese link..por donde debo acceder, ya se efectuó el pago y se ingreso los datos, la semana anterior y ya nos enviaron factura,",,Facturacion/Retencion/Cobros,,
"soy proveedor, deseo enviar una factura",,Facturacion/Retencion/Cobros,,
"Srta  DISCULPE  PERO LA  SRTA. KATHERINE DIAZ ME ENVIA UN CORREO QUE NO SE HA CANCELADO EL ESTUDIO ACTUARIAL  DE PRODUCTORA MANABITA PROMAN CIA LTDA CON RUC  1390071066001  PERO ESO SE PAGO  Y SE ENVIO LA FACTURA Y LA RESPECTIVA RETENCION AL CORREO  venta5@actuaria.com.ec y en este momento se reenvio un correo a la srta
katherine Diaz
POR FAVOR CONFIRMAR",,Facturacion/Retencion/Cobros,,
"stimados, buenos dias.......necesito una guia para poder ingresar a su pagina y revisar las facturas que nos emiten......por favor.......gracias",,Facturacion/Retencion/Cobros,,
HOLA  NECESITO SABER CUANTO SE HACE DE RETENCION A UDS.,,Facturacion/Retencion/Cobros,,
"Disculpe me comunico de parte de Fundacion Fabian Jaramillo Davila, mi nombre es Valeria Garcia, le comento que debemos realizar un pago pero deseo confirmar el porcentaje de retención y el codigo el debemos realizar a su factura? me comunique telefonicamente pero no me contestaron. Gracias",,Facturacion/Retencion/Cobros,,
hola donde puedo descargarme las facturas electronicas?,,Facturacion/Retencion/Cobros,,
"necesito saber que dia me emitieron la factura 
mi ruc es 0992592605001 ",,Facturacion/Retencion/Cobros,,
"buenas tardes 
hemos recibido una factura 
por parte de ustedes 
Factura 001-002-000003398 ACTUARIA CONSULTORES CIA. LTDA. Avender",,Facturacion/Retencion/Cobros,,
para que se hace esto,,No Topic,,
Me podria por favor ayudar con algun numero de teléfono para contactarlos aca en gye,,Contacto,,
HOLA  NECESITO SABER CUANTO SE HACE DE RETENCION A UDS.,,Facturacion/Retencion/Cobros,,
BUEN DIA POR FAVOR NECESITO LA DIRECCION Y TELEFONO ,,Contacto,,
buenas tardes quisiera saber un poco mas sobre las capacitaciones de gestion humana,,Charlas/Capacitaciones,,
"Muy buenos dias 
por favor me podria ayudar con un numero de contacto ",,Contacto,,
Por favor me ayuda con informacion de las capacitaciones de seguros? ,,Charlas/Capacitaciones,,
"hola buenas tardes! 
me puede confirmar el correo para envio de facturas electronicas?",,Contacto,,
Quisiera me ayudaran con las ventajad y desventejas de aplicar el calculo de la media grometrica y aritmetica  en las pensiones de los jubilados   me ayudarian a obtener un mejor panorama sobre este tema es pars mi tesis gracias ¡¡¡,,IESS,,
"bunas tardes 
no entiendo como es la raiz sesentava",,IESS,,
Con quien debo comunicarme o llamo directamente a las oficinas. Muchas gracias,,Contacto,,
HOLA BUENAS TARDES TENGO QUE PAGARLES A Y NO TENGO EL NUMERO DE CUENTA ME AYUDAN POR FAVOR,,Facturacion/Retencion/Cobros,,
"Hola buenas tardes Daniela, soy Saúl y me gustaría saber si ofrecen determinados servicios de modelado estadístico al respecto, muchas gracias de antemano",,Consultoria,,
me puede ayudar con un contacto al que me pueda comunicar,,Contacto,,
"buenas tardes, disculpe Actuaria realiza jornadas de seminarios o cursos dirigidos a profesionales o al publico en general ??",,Charlas/Capacitaciones,,
"buenas tardes, disculpe Actuaria realiza jornadas de seminarios o cursos para capacitarse ??",,Charlas/Capacitaciones,,
"BUENOS DIAS ME PUEDE AYUDAR CON LOS NUMEROS DE CONTACTO 
EN QUITO 
POR FAVO 
FAVOR",,Contacto,,
"Buenos días me pueden confirmar los números para llamar a las oficinas de quito 
Los números que tienen suenan fuera de servicio ",,Contacto,,
buenas tardes...  quiero saber si prestan servicios en la ciudad de Guayaquil,,Contacto,,
HOLA BUENOS DIAS LE ESTOY ENVIANDO EL DEPOSITO DEL ESTUDIO ACTUARIAL Y LA RETENCION  I R  DE PRODUCTORA MANABITA PROMAN CIA LTDA RUC 1390071066001,,Facturacion/Retencion/Cobros,,
Hola Daniela necesito hacerles una consulta y saber si pueden ayudarme por correo y yo pagaría vía transferencia?,,Facturacion/Retencion/Cobros,,
Hola Daniela necesito hacerles una consulta y saber si pueden ayudarme por correo y yo pagaría vía transferencia?,,Contacto,,
Disculpa tengo que pagar una factura quería saber si podremos pagar por medio de transferencia ,,Facturacion/Retencion/Cobros,,
"necesito saber que dia me emitieron la factura 
mi ruc es 0992592605001 ",,Facturacion/Retencion/Cobros,,
PRODUCTORA MANABITA  YA RECIBIO LA FACTURA DEL ESTUDIO ACTUARIAL TENGO QUE HACER UN DEPOSITO SEGUN LA FACTURA  EMITIDA POR UDS. PERO QUIERO SABER CUANTO ES LA RETENCION QUE HAY Q HACER  GRACIAS,,Facturacion/Retencion/Cobros,,
"hola buenas tardes! 
me puede confirmar el correo para envio de facturas electronicas? ",,Facturacion/Retencion/Cobros,,
"soy proveedor, deseo enviar una factura",,Facturacion/Retencion/Cobros,,
"en que forma, pregunto porque ando interesada en hacer facturacion por internet",,Facturacion/Retencion/Cobros,,
"ustedes tienen el servicio de facturacion electronica 
para ya no estar generando facturas manuales 
y si tienen sistema de cobranzas para las mismas factura generadas",,Facturacion/Retencion/Cobros,,
"BUENAS TARDES NECESITO REALIZAR UNA TRANSFERENCIA PARA PAGAR UNA FACTURA , AYUDEME CON LOS DATOS POR FAVOR",,Facturacion/Retencion/Cobros,,
Disculpa tengo que pagar una factura quería saber si podremos pagar por medio de transferencia,,Facturacion/Retencion/Cobros,,
